idstd,id,wmedian,wweak,finance_status,k162a,k162b,k17,k20a1,k6,k82a,k82b,k9,k11,k13,k14a,k14b,k14c,k14d,k14e,k15a,k32,a2,a3a,a3c,a6a,a6c,b4,b4a,b5,b6b,b7a,b8,d1a2_v4,d2,d3b,d3c,d8,h1,h5,h8,h9,n3,b1,b2a,b2b,b2c,d1a3,e1,e312,l4a1,l4a2,l4b
1629075,3,1.0,1.0,no_need,2,2,1.0,,2,2,1,-9.0,61200000.0,1.0,1.0,1.0,2.0,1.0,2.0,100000000.0,,3,3,2,2,17,2,,2006,2006,2,1,4922,62540000.0,10,30,2013.0,2,2,2,,57645000.0,4,100,0,0,100,3,,5,7,5
1629076,5,3.6934605,5.680274,discouraged,2,2,2.0,,1,2,2,,,,,,,,,,,3,3,2,1,85,2,,2021,2021,2,2,4290,9730500.0,0,0,,1,2,1,120000.0,5686000.0,3,100,0,0,72,2,3.0,4,2,2
1629077,9,1.0,1.0,no_need,2,2,1.0,,2,2,1,1.0,2200000.0,2.0,,,,,,,,3,3,2,2,1000,2,,2016,2016,2,2,1079,32058000.0,0,0,,1,2,1,150000.0,26740000.0,1,100,0,0,51,2,2.0,20,30,10
1629078,19,7.4039474,15.461971,no_need,2,2,1.0,,1,2,2,,,,,,,,,,,1,1,1,2,60,1,25.0,2002,2002,2,2,6190,56000000.0,0,0,,2,2,2,,15000000.0,4,100,0,0,100,2,3.0,3,10,47
1629079,20,6.096585,11.812615,discouraged,2,2,6.0,,1,2,2,,,,,,,,,,,1,1,1,1,10,2,,2003,2003,2,2,4290,50000000.0,0,0,,2,2,2,,30000000.0,4,100,0,0,100,1,3.0,10,8,17
1629080,22,1.0,1.2193496,discouraged,2,2,6.0,,1,2,2,,,,,,,,,,,4,4,2,3,130,2,,2007,2007,2,2,4649,35000000.0,0,0,,1,1,2,,33000000.0,4,100,0,0,100,1,3.0,70,60,0
1629081,31,1.4166073,2.3864033,other_reason,2,2,7.0,,1,2,2,,,,,,,,,,,1,1,1,1,5,2,,2000,2000,2,2,5813,670000.0,0,0,,2,2,2,,550000.0,4,100,0,0,100,2,3.0,5,0,0
1629082,34,3.7935452,6.288154,discouraged,2,2,3.0,,1,2,2,,,,,,,,,,,3,3,2,2,30,2,,2005,2005,2,2,4922,4000000.0,0,50,2005.0,2,2,2,,5000000.0,3,100,0,0,60,3,,3,2,3
1629083,53,1.187902,2.0011287,no_need,2,2,1.0,,1,2,2,,,,,,,,,,,1,1,1,1,8,2,,2008,2008,2,2,4690,4200000.0,0,0,,2,2,2,,2000000.0,4,100,0,0,100,2,3.0,10,4,4
1629084,62,1.485636,3.145818,approved_full,2,1,,1.0,1,1,1,1.0,30000000.0,2.0,,,,,,,,4,1,1,1,45,2,,2008,2008,2,1,2220,180000000.0,0,0,,1,2,2,,177000000.0,5,100,0,0,100,2,3.0,3,10,12
1629085,66,2.8094375,4.732753,outcome_unknown,1,2,,-9.0,2,2,2,,,,,,,,,,-9.0,1,1,1,1,10,1,100.0,2006,2010,1,2,1079,2500000.0,0,0,,2,2,2,,3200000.0,3,100,0,0,100,2,3.0,3,2,1
1629086,89,3.1384618,6.0810184,no_need,2,2,1.0,,2,2,1,-9.0,-8.0,2.0,,,,,,,,1,3,2,1,75,2,,2017,2017,2,2,4290,9000000.0,0,0,,2,2,1,50000.0,10000000.0,3,100,0,0,96,1,3.0,2,3,1
1629087,91,1.0,1.4299172,approved_full,1,1,,1.0,1,2,1,2.0,2000000.0,1.0,2.0,2.0,2.0,1.0,2.0,52000000.0,10.0,4,3,2,1,150,2,,2005,2005,2,2,4210,58000000.0,0,0,,1,2,1,-9.0,57000000.0,4,100,0,0,80,2,3.0,5,10,5
1629088,94,3.2991145,5.109369,no_need,2,2,1.0,,2,1,2,3.0,2800000.0,2.0,,,,,,,,2,2,2,1,25,2,,2018,2023,2,1,1520,60000000.0,0,0,,1,1,1,250000.0,100000000.0,3,100,0,0,100,2,3.0,4,6,10
1629089,95,1.0,1.3433032,discouraged,2,2,3.0,,2,2,2,,,,,,,,,,,2,4,2,2,17,2,,1987,1990,2,2,1071,2000000.0,0,0,,2,2,2,,3000000.0,3,100,0,0,100,1,3.0,6,7,4
1629090,97,1.0,1.0,no_need,2,2,1.0,,1,2,2,,,,,,,,,,,1,2,2,2,200,2,,2009,2009,2,1,2220,115000000.0,0,0,,2,2,2,,100000000.0,3,100,0,0,100,2,2.0,50,0,0
1629091,98,1.0,1.0,no_need,2,2,1.0,,2,2,2,,,,,,,,,,,3,1,1,2,25,2,,2002,2002,2,2,2651,2500000.0,0,0,,2,2,2,,1500000.0,4,100,0,0,40,1,2.0,6,1,0
1629092,110,9.380887,16.710087,rejected,2,1,,3.0,1,2,1,3.0,0.0,2.0,,,,,,,,2,2,2,1,100,2,,2010,2010,2,2,4690,20000000.0,0,0,,2,2,2,,25000000.0,4,100,0,0,90,2,3.0,40,40,20
1629093,112,6.7117434,13.004535,no_need,2,2,1.0,,1,2,2,,,,,,,,,,,1,1,1,1,5,2,,2005,2005,2,2,4100,1600000.0,0,0,,2,2,2,,5900000.0,3,100,0,0,100,1,3.0,4,1,1
1629094,127,1.0,1.0,no_need,2,2,1.0,,1,2,2,,,,,,,,,,,1,1,1,2,300,2,,1992,2005,2,2,4690,10000000000.0,0,0,,2,1,2,,9000000000.0,3,100,0,0,100,2,3.0,150,186,244
1629095,133,2.318501,4.283117,no_need,2,2,1.0,,2,2,2,,,,,,,,,,,3,3,2,1,10,2,,2014,2014,2,2,2396,80000000.0,0,0,,2,2,2,,90000000.0,3,100,0,0,100,1,2.0,4,4,0
1629096,139,7.745877,15.00825,approved_full,2,1,,1.0,1,2,1,1.0,26000000.0,2.0,,,,,,,,1,1,1,1,40,2,,2005,2005,2,2,4100,300000000.0,0,0,,2,2,1,600000.0,-7.0,3,100,0,0,100,2,3.0,10,5,10
1629097,146,4.422127,8.169282,no_need,2,2,1.0,,2,2,2,,,,,,,,,,,3,3,2,1,9,2,,2000,2012,2,2,4652,3200000.0,0,0,,1,2,1,20000.0,2400000.0,3,100,0,0,60,1,3.0,3,5,1
1629098,166,3.2423108,5.4619665,no_need,2,2,1.0,,2,2,2,,,,,,,,,,,1,1,1,1,25,2,,1999,1999,2,2,1079,20000000.0,0,0,,2,2,1,120000.0,15000000.0,4,100,0,0,100,2,3.0,3,7,10
1629099,172,1.1600405,7.6203885,no_need,2,2,1.0,,1,2,2,,,,,,,,,,,4,1,1,2,8,2,,2004,2004,2,2,4690,45000000.0,0,0,,1,2,2,,36000000.0,4,100,0,0,100,2,3.0,8,15,2
1629100,176,1.0,1.2874908,approved_full,1,2,,1.0,2,1,2,2.0,57000000.0,1.0,1.0,2.0,2.0,2.0,2.0,171000000.0,60.0,2,3,2,2,200,2,,2004,2004,2,1,2220,230000000.0,0,0,,2,2,2,,120000000.0,3,100,0,0,30,2,3.0,10,30,60
1629101,180,1.0,1.0089858,no_need,2,2,1.0,,1,2,2,,,,,,,,,,,3,3,2,3,80,2,,2021,2021,2,1,1079,300000000.0,0,0,,1,2,1,2000000.0,240000000.0,5,100,0,0,100,2,3.0,0,25,40
1629102,183,2.865227,6.13071,no_need,2,2,1.0,,1,2,2,,,,,,,,,,,2,2,2,1,8,2,,2023,2008,2,2,4690,20000000.0,0,100,2023.0,2,2,2,,15000000.0,3,100,0,0,100,3,,5,0,0
1629103,197,1.0,1.0,no_need,2,2,1.0,,1,2,2,,,,,,,,,,,2,2,2,1,30,2,,2016,2016,2,2,4690,2800000.0,0,0,,2,2,2,,3000000.0,3,100,0,0,100,2,3.0,10,5,15
1629104,200,1.0,1.7193897,discouraged,2,2,2.0,,1,2,2,,,,,,,,,,,2,1,1,1,52,2,,2009,2009,2,2,4210,13000000.0,0,0,,2,2,2,,7370000.0,3,100,0,0,50,1,3.0,25,20,5
1629105,227,1.7197016,4.3139143,discouraged,2,2,3.0,,1,2,2,,,,,,,,,,,1,3,2,2,80,2,,2019,2019,2,1,1079,165000000.0,0,5,2020.0,1,2,1,200000.0,120000000.0,5,100,0,0,70,2,3.0,4,10,26
1629106,228,1.1573018,1.6678603,no_need,2,2,1.0,,2,2,2,,,,,,,,,,,3,3,2,2,8,2,,2004,2011,2,2,2023,2900000.0,0,0,,2,2,2,,3200000.0,3,100,0,0,100,2,3.0,4,4,0
1629107,236,1.6453216,3.4359937,no_need,2,2,1.0,,1,2,2,,,,,,,,,,,1,1,1,2,10,2,,2007,2007,2,2,4100,7000000.0,0,0,,2,2,2,,2000000.0,3,100,0,0,100,1,3.0,4,5,0
1629108,240,3.2553558,6.013829,discouraged,2,2,4.0,,1,2,2,,,,,,,,,,,3,3,2,1,16,2,,2017,2018,2,1,2740,3500000.0,0,0,,1,2,1,420000.0,4500000.0,2,50,0,0,20,2,2.0,5,11,0
1629109,241,2.8911061,6.186084,no_need,2,2,1.0,,1,2,2,,,,,,,,,,,2,1,1,1,16,1,50.0,2011,2011,1,2,6190,10000000.0,0,0,,2,2,2,,3200000.0,4,100,0,0,50,1,3.0,6,2,10
1629110,247,3.2423108,5.4619665,no_need,2,2,1.0,,1,2,2,,,,,,,,,,,1,1,1,1,7,2,,2016,2016,2,2,2593,8000000.0,0,0,,2,2,2,,6000000.0,4,100,0,0,100,2,3.0,6,0,0
1629111,248,1.0,1.0,no_need,2,2,1.0,,2,2,2,,,,,,,,,,,3,1,1,1,24,2,,2013,2013,2,2,1709,5000000.0,0,0,,1,2,1,100000.0,3200000.0,5,95,0,0,70,2,3.0,8,8,0
1629112,252,1.2638543,1.8214197,in_process,1,2,,-6.0,1,2,2,,,,,,,,,,,3,3,2,2,8,2,,2012,2012,2,2,2819,2500000.0,0,0,,1,2,2,,2300000.0,4,100,0,0,70,2,2.0,2,1,1
1629113,261,1.0,1.0,no_need,2,2,1.0,,1,2,2,,,,,,,,,,,2,2,2,2,34,2,,2010,2010,2,1,1104,13260000.0,0,0,,1,2,2,,7000000.0,3,100,0,0,100,2,2.0,8,20,6
1629114,269,1.0,1.3670076,discouraged,2,2,2.0,,2,2,2,,,,,,,,,,,3,3,2,2,22,2,,2011,2011,2,2,2220,39328422.0,0,0,,2,2,2,,74982845.0,3,100,0,0,100,1,3.0,3,27,0
1629115,273,1.0626643,1.7738142,no_need,2,2,1.0,,1,2,2,,,,,,,,,,,2,2,2,2,18,2,,2008,2008,2,2,5210,1900000.0,0,0,,2,2,2,,3500000.0,3,100,0,0,100,2,2.0,4,10,4
1629116,274,8.442195,12.983483,no_need,2,2,1.0,,1,2,2,,,,,,,,,,,2,3,2,1,18,2,,2006,2006,2,2,4922,6000000.0,0,10,2007.0,2,2,2,,6000000.0,3,100,0,0,100,3,,2,5,5
1629117,292,3.3842733,6.557297,other_reason,2,2,7.0,,1,2,2,,,,,,,,,,,1,1,1,1,5,2,,2009,2009,2,2,4210,7000000.0,0,0,,2,2,2,,9000000.0,4,100,0,0,100,2,3.0,2,3,0
1629118,294,18.682999,39.561047,discouraged,2,2,3.0,,1,2,2,,,,,,,,,,,4,4,2,1,15,2,,2020,2020,2,2,2396,40000000.0,0,0,,2,2,2,,76000000.0,4,100,0,0,100,2,3.0,2,8,15
1629119,295,4.705366,8.5433855,rejected,1,2,,3.0,1,2,2,,,,,,,,,,8.0,1,1,1,2,22,2,,2013,2013,2,1,2220,43000000.0,0,0,,1,2,2,,28000000.0,3,100,0,0,100,1,3.0,6,3,3
1629120,311,12.138742,21.622627,no_need,2,2,1.0,,1,2,2,,,,,,,,,,,2,2,2,1,12,2,,2008,2008,2,2,4921,1500000.0,0,0,,2,2,2,,1200000.0,3,100,0,0,100,2,3.0,12,0,0
1629121,319,1.2909241,2.5241895,no_need,2,2,1.0,,2,2,2,,,,,,,,,,,1,1,1,3,15,2,,2002,2002,2,2,2651,2500000.0,0,0,,2,2,1,1000000.0,-7.0,4,100,0,0,100,2,3.0,5,5,5
1629122,322,1.0,1.0,discouraged,2,2,2.0,,1,1,2,1.0,20000000.0,2.0,,,,,,,,3,3,2,2,30,2,,2010,2010,2,1,2220,150000000.0,0,0,,1,2,2,,100000000.0,4,100,0,0,80,1,2.0,10,5,5
1629123,324,1.0,1.0,no_need,2,2,1.0,,1,2,2,,,,,,,,,,,1,1,1,2,30,1,90.0,2010,2010,1,2,1410,1400000.0,0,0,,2,2,2,,2000000.0,4,100,0,0,100,1,3.0,4,4,2
1629124,325,32.978874,44.09676,no_need,2,2,1.0,,1,2,2,,,,,,,,,,,3,3,2,1,25,2,,2011,2011,2,2,3100,15000000.0,0,0,,1,2,2,,8000000.0,3,100,0,0,85,2,3.0,2,8,8
1629125,327,2.480336,5.307161,no_need,2,2,1.0,,1,2,2,,,,,,,,,,,2,2,2,1,9,2,,2004,2004,2,2,4220,10000000.0,0,0,,1,2,2,,1000000.0,4,100,0,0,100,2,3.0,2,3,2
1629126,336,1.0,1.4299172,no_need,2,2,1.0,,1,2,2,,,,,,,,,,,4,3,2,1,14,2,,2016,2016,2,2,1079,3660000.0,0,0,,2,2,2,,3200000.0,4,0,0,0,100,2,3.0,3,5,5
1629127,358,1.6201572,2.9930215,no_need,2,2,1.0,,2,2,2,,,,,,,,,,,3,3,2,1,30,2,,1996,2007,2,2,4690,105000000.0,0,0,,1,1,1,240000.0,225000000.0,3,100,0,0,25,2,2.0,6,8,16
1629128,361,1.8135495,4.7605557,no_need,2,2,1.0,,2,2,2,,,,,,,,,,,4,3,2,2,20,2,,2006,2010,2,2,2740,30000000.0,0,0,,1,2,2,,29500000.0,3,100,0,0,80,2,1.0,5,5,5
1629129,364,2.0377362,2.9367094,discouraged,2,2,3.0,,1,2,2,,,,,,,,,,,3,3,2,2,78,2,,2003,2003,2,1,1071,21000000.0,0,0,,1,2,1,1000000.0,113000000.0,3,100,0,0,80,2,3.0,20,10,10
1629130,367,1.0,1.0,discouraged,2,2,2.0,,1,2,2,,,,,,,,,,,2,2,2,1,35,2,,2009,2009,2,2,1520,932560.0,0,0,,1,2,2,,884000.0,3,100,0,0,100,2,3.0,4,2,2
1629131,368,1.0,2.08406,approved_full,2,1,,1.0,1,2,1,-9.0,1000000.0,2.0,,,,,,,,4,3,2,2,60,2,,2009,2009,2,2,4210,25000000.0,0,0,,2,2,2,,118000000.0,3,100,0,0,100,1,3.0,8,14,38
1629132,372,1.8420676,3.2882757,approved_full,2,1,,1.0,2,2,1,1.0,3700000.0,2.0,,,,,,,,3,3,2,3,20,2,,2004,2004,2,2,4290,20061690.0,0,0,,1,2,2,,16175750.0,4,50,0,0,65,2,3.0,13,7,0
1629133,376,1.0,1.6019278,no_need,2,2,1.0,,2,2,2,,,,,,,,,,,2,3,2,2,9,2,,2002,2002,2,2,4652,16000000.0,0,0,,2,2,2,,20000000.0,4,100,0,0,100,2,3.0,2,8,1
1629134,385,1.3505782,2.8598344,no_need,2,2,1.0,,1,2,2,,,,,,,,,,,4,4,2,1,13,2,,2007,2007,2,2,4719,4500000.0,0,0,,1,1,1,50000.0,7500000.0,3,100,0,0,60,1,3.0,6,4,3
1629135,387,4.106307,6.8065863,discouraged,2,2,2.0,,1,2,2,,,,,,,,,,,3,3,2,2,10,2,,2010,2010,2,1,4210,17000000.0,0,0,,2,2,2,,8000000.0,4,100,0,0,50,1,3.0,4,2,4
1629136,393,2.1803958,4.97621,discouraged,2,2,6.0,,1,2,2,,,,,,,,,,,4,4,2,2,35,2,,2013,2013,2,1,1071,21700000.0,0,0,,1,2,1,200000.0,48000000.0,3,0,0,0,100,2,1.0,6,14,10
1629137,397,1.0,2.0707576,discouraged,2,2,3.0,,2,2,2,,,,,,,,,,,4,3,2,2,90,2,,2020,2020,2,1,1073,270000000.0,0,0,,2,2,2,,150000000.0,3,100,0,0,70,2,3.0,10,50,20
1629138,398,2.15872,3.9879432,no_need,2,2,1.0,,2,2,2,,,,,,,,,,,3,3,2,1,7,2,,2023,2025,2,2,2220,3500000.0,0,0,,2,1,1,50000.0,100000.0,4,100,0,0,70,1,3.0,2,2,1
1629139,401,1.9895489,3.6123614,no_need,2,2,1.0,,1,2,2,,,,,,,,,,,1,1,1,2,30,2,,2023,2023,2,1,2022,5000000.0,0,0,,2,2,2,,-7.0,4,100,0,0,80,2,3.0,2,0,2
1629140,404,5.9712644,14.542951,approved_full,2,1,,1.0,1,2,2,,,,,,,,,,,4,3,2,1,6,2,,2009,2009,2,2,4923,5000000.0,0,0,,2,2,2,,3000000.0,4,100,0,0,100,2,3.0,2,2,2
1629141,406,1.0,1.7179968,no_need,2,2,1.0,,1,2,2,,,,,,,,,,,1,1,1,2,6,2,,1991,1991,2,2,4652,28000000.0,0,0,,1,2,2,,16000000.0,4,100,0,0,100,1,3.0,6,4,2
1629142,462,4.5739584,9.685307,no_need,2,2,1.0,,1,2,2,,,,,,,,,,,4,4,2,1,10,2,,2017,2017,2,2,4663,28000000.0,0,0,,2,2,2,,21000000.0,4,100,0,0,100,1,3.0,7,2,1
1629143,466,5.415388,10.492743,no_need,2,2,1.0,,1,2,2,,,,,,,,,,,1,2,2,1,5,2,,2013,2013,2,2,7310,600000.0,0,0,,2,2,2,,800000.0,3,100,0,0,100,1,3.0,3,1,1
1629144,469,5.415388,10.492743,no_need,2,2,1.0,,1,2,2,,,,,,,,,,,1,1,1,1,6,2,,2012,2012,2,2,4690,2000000.0,0,0,,2,2,2,,-7.0,4,100,0,0,100,1,3.0,4,1,0
1629145,470,6.067827,9.331877,rejected,1,2,,3.0,1,2,2,,,,,,,,,,8.0,3,1,1,1,26,2,,2014,2014,2,2,4290,8000000.0,0,0,,2,2,2,,-7.0,4,100,0,0,100,1,3.0,2,2,6
1629146,480,1.1599877,1.6717311,no_need,2,2,1.0,,2,2,2,,,,,,,,,,,3,3,2,2,100,2,,2016,2016,2,2,2220,175000000.0,0,0,,1,2,2,,174500000.0,3,100,0,0,100,2,1.0,5,5,90
1629147,487,3.2906432,6.8719873,no_need,2,2,1.0,,1,2,1,-9.0,-8.0,-9.0,,,,,,,,1,1,1,2,6,2,,2010,2010,2,2,4210,2000000.0,0,0,,2,2,1,100000.0,500000.0,3,100,0,0,80,1,3.0,4,0,0
1629148,492,5.415388,10.492743,discouraged,2,2,5.0,,1,2,2,,,,,,,,,,,1,1,1,1,8,2,,2022,2022,2,2,4641,17000000.0,0,100,2022.0,1,1,1,500000.0,28000000.0,3,100,0,0,80,3,,4,3,1
1629149,493,5.415388,10.492743,no_need,2,2,1.0,,1,2,2,,,,,,,,,,,1,1,1,1,6,2,,2009,2009,2,2,4210,100000000.0,0,0,,2,2,2,,-7.0,4,100,0,0,100,2,3.0,14,2,2
1629150,494,1.0,4.8455725,no_need,2,2,1.0,,1,2,2,,,,,,,,,,,4,4,2,1,5,2,,2023,2023,2,2,5229,2000000.0,0,0,,1,1,2,,-7.0,3,100,0,0,90,2,2.0,2,2,1
1629151,495,1.0,4.8455725,no_need,2,2,1.0,,1,2,1,4.0,700000.0,1.0,2.0,2.0,2.0,1.0,2.0,600000.0,,4,3,2,1,7,2,,2023,2023,2,2,4630,30000000.0,10,45,2023.0,1,1,2,,-7.0,3,100,0,0,75,2,3.0,1,1,5
1629152,503,1.0,4.8455725,no_need,2,2,1.0,,1,2,2,,,,,,,,,,,4,4,2,1,15,2,,2020,2020,2,2,2220,14000000.0,0,0,,2,1,2,,11500000.0,3,100,0,0,100,1,3.0,3,3,0
1629153,508,1.7296375,3.7008953,no_need,2,2,1.0,,1,2,1,4.0,0.0,2.0,,,,,,,,2,2,2,1,10,2,,1982,1982,2,2,4690,4000000.0,0,0,,1,1,2,,4000000.0,3,100,0,0,100,2,2.0,3,5,2
1629154,509,1.7296375,3.7008953,no_need,2,2,1.0,,1,2,1,1.0,20000000.0,1.0,1.0,2.0,2.0,1.0,2.0,16500000.0,,2,2,2,1,10,2,,2000,2000,2,2,4530,26000000.0,0,0,,2,2,2,,20000000.0,4,100,0,0,100,2,3.0,2,4,6
1629155,512,3.2991145,5.109369,no_need,2,2,1.0,,2,2,2,,,,,,,,,,,2,2,2,1,30,2,,2013,2013,2,2,1071,15000000.0,0,0,,1,2,2,,20000000.0,3,100,0,0,100,1,3.0,10,5,5
1629156,517,1.7296375,3.7008953,no_need,2,2,1.0,,1,2,2,,,,,,,,,,,2,1,1,1,5,2,,1990,1990,2,2,4761,60000000.0,0,0,,2,2,2,,20000000.0,3,100,0,0,75,2,1.0,5,3,2
1629157,528,1.0,4.8455725,no_need,2,2,1.0,,1,2,2,,,,,,,,,,,4,3,2,1,15,2,,2021,2021,2,2,5224,1500000.0,0,50,2022.0,2,2,2,,7500000.0,4,100,0,0,100,3,,2,2,2
1629158,534,1.1599877,1.6717311,discouraged,2,2,2.0,,2,2,2,,,,,,,,,,,3,3,2,2,5,2,,2015,2015,2,2,1079,8000000.0,0,0,,2,2,2,,10000000.0,4,100,0,0,100,1,3.0,2,4,2
1629159,549,1.0,1.5730151,approved_full,1,1,,1.0,1,1,1,1.0,500000.0,1.0,2.0,2.0,2.0,1.0,1.0,2000000.0,7.0,2,2,2,2,300,1,100.0,2017,2018,1,2,1393,3150000.0,0,0,,2,2,2,,1645000.0,3,100,0,0,90,2,3.0,90,60,40
1629160,550,1.1599877,1.6717311,approved_partial,1,2,,2.0,1,2,2,,,,,,,,,,7.0,3,3,2,2,40,2,,2014,2014,2,2,1079,18720000.0,0,0,,2,2,2,,18000000.0,4,100,0,0,100,2,3.0,0,7,6
1629161,581,1.0,4.8455725,no_need,2,2,1.0,,1,2,2,,,,,,,,,,,4,4,2,1,7,2,,2023,2023,2,2,4669,15000000.0,0,0,,2,2,2,,19000000.0,4,100,0,0,85,1,2.0,2,3,2
1629162,624,5.971265,14.54295,no_need,2,2,1.0,,1,2,2,,,,,,,,,,,4,1,1,1,10,2,,2020,2020,2,2,4100,7000000.0,0,0,,2,2,1,100000.0,-7.0,4,100,0,0,100,2,3.0,3,2,5
1629163,644,6.067827,9.331877,no_need,2,2,1.0,,2,2,2,,,,,,,,,,,3,3,2,1,25,2,,2022,2022,2,2,4290,11500000.0,0,40,2022.0,2,2,2,,8000000.0,4,50,0,0,60,2,3.0,7,8,10
1629164,654,1.6899508,2.801251,in_process,1,1,,-6.0,1,2,2,,,,,,,,,,,3,3,2,2,110,2,,2015,2015,2,2,5510,30000000.0,0,0,,1,2,2,,30000000.0,3,100,0,0,70,2,3.0,10,80,20
1629165,660,5.415388,10.492743,discouraged,2,2,6.0,,1,2,2,,,,,,,,,,,1,4,2,1,5,2,,2016,2016,2,2,4210,13000000.0,5,5,2016.0,1,2,2,,18000000.0,3,100,0,0,20,2,3.0,5,25,18
1629166,675,1.1599877,1.6717311,no_need,2,2,1.0,,1,2,2,,,,,,,,,,,3,3,2,2,150,2,,2011,2015,2,2,1061,50000000.0,0,0,,2,2,2,,40000000.0,3,100,0,0,100,1,2.0,3,10,2
1629167,676,2.7693353,6.4454284,discouraged,2,2,2.0,,1,2,1,-9.0,-9.0,-9.0,,,,,,,,1,1,1,1,60,1,100.0,2009,2018,1,2,1030,1300000.0,0,0,,2,2,2,,6000000.0,3,100,0,0,70,1,1.0,2,3,0
1629168,680,6.067827,9.331877,discouraged,2,2,2.0,,2,2,2,,,,,,,,,,,3,3,2,1,30,2,,2007,2007,2,2,4210,14069000.0,0,0,,2,2,2,,17000000.0,3,100,0,0,80,2,3.0,4,7,0
1629169,703,32.978874,44.096756,no_need,2,2,1.0,,2,2,2,,,,,,,,,,,3,3,2,1,5,2,,2017,2013,2,2,2022,5000000.0,0,0,,1,2,1,120000.0,3000000.0,4,100,0,0,100,1,2.0,2,0,0
1629170,712,6.067827,9.331877,no_need,2,2,1.0,,2,2,2,,,,,,,,,,,3,3,2,1,10,2,,2021,2021,2,2,4100,100000000.0,0,0,,2,2,2,,40000000.0,4,100,0,0,100,1,3.0,5,15,5
1629171,718,1.0,1.4450359,no_need,2,2,1.0,,1,2,2,,,,,,,,,,,4,3,2,3,9,2,,2021,2021,2,2,4923,90000000.0,80,0,2021.0,2,2,2,,140000000.0,3,100,0,0,80,3,,3,2,1
1629172,719,3.2100306,5.3925495,no_need,2,2,1.0,,1,2,2,,,,,,,,,,,2,2,2,3,150,2,,2009,2009,2,1,5229,500000.0,40,10,2012.0,1,2,1,400000.0,500000.0,4,10,50,0,50,2,3.0,1,2,2
1629173,742,3.2100306,5.3925495,no_need,2,2,1.0,,2,2,2,,,,,,,,,,,2,2,2,3,5,2,,2024,2024,2,2,7990,1400000.0,0,0,,1,1,1,700000.0,-7.0,4,100,0,0,100,2,3.0,2,3,1
1629174,760,6.067827,9.331877,discouraged,2,2,3.0,,2,2,2,,,,,,,,,,,3,3,2,1,5,2,,2019,2019,2,2,4100,8000000.0,0,0,,2,2,1,10000.0,7000000.0,3,100,0,0,100,1,3.0,5,0,0
1629175,782,1.546778,3.5301352,no_need,2,2,1.0,,2,2,2,,,,,,,,,,,4,4,2,2,10,2,,2013,2013,2,2,2029,2400000.0,0,0,,2,2,2,,3200000.0,3,100,0,0,100,1,3.0,1,1,2
1629176,787,1.0,1.5730151,withdrawn,1,1,,4.0,1,2,2,,,,,,,,,,,2,2,2,2,5,1,100.0,2021,2021,1,2,1512,300000.0,0,0,,1,2,2,,600000.0,3,100,0,0,95,2,3.0,3,2,0
1629177,801,1.1952801,2.1486533,no_need,2,2,1.0,,2,2,2,,,,,,,,,,,2,2,2,3,13,2,,2019,2020,2,2,1079,30000000.0,5,0,-9.0,1,2,2,,10000000.0,3,100,0,0,90,2,3.0,2,26,4
1629179,826,5.415388,10.492743,no_need,2,2,1.0,,1,2,2,,,,,,,,,,,1,1,1,1,120,2,,2009,2009,2,1,4100,980000000.0,0,0,,2,2,2,,2520000000.0,2,100,0,0,100,2,3.0,12,10,10
1629180,838,2.3797135,4.008844,other_reason,2,2,7.0,,1,2,2,,,,,,,,,,,1,1,1,1,25,2,,2019,2019,2,2,2100,12000000.0,0,0,,1,1,2,,8000000.0,3,100,0,0,100,2,3.0,5,5,0
1629181,843,1.1599877,1.6717311,no_need,2,2,1.0,,2,2,2,,,,,,,,,,,3,3,2,2,7,2,,2010,2010,2,2,1079,1000000.0,0,0,,2,2,2,,800000.0,3,100,0,0,30,2,3.0,1,2,2
1629182,860,4.5739584,9.685307,approved_full,2,1,,1.0,1,2,1,4.0,20000.0,2.0,,,,,,,,4,4,2,1,10,1,50.0,2013,2013,1,2,1030,1500000.0,0,0,,1,1,1,76000.0,1200000.0,4,100,0,0,60,2,3.0,1,0,6
1629183,874,5.415388,10.492743,no_need,2,2,1.0,,2,2,2,,,,,,,,,,,1,1,1,1,20,1,100.0,2016,2016,1,2,1410,1500000.0,0,0,,2,2,2,,-7.0,4,100,0,0,100,1,3.0,0,18,0
1629184,882,2.3797135,4.008844,no_need,2,2,1.0,,2,2,2,,,,,,,,,,,1,4,2,1,25,2,,1995,2002,2,2,4663,13000000.0,0,0,,2,2,2,,8000000.0,4,100,0,0,100,1,3.0,22,2,1
1629185,892,3.2991145,5.109369,withdrawn,1,2,,4.0,2,2,2,,,,,,,,,,,2,2,2,1,20,1,100.0,2023,2023,1,2,1399,60000.0,0,0,,1,2,2,,-7.0,3,100,0,0,80,2,3.0,2,2,1
1629186,896,1.0,4.8455725,discouraged,2,2,4.0,,1,2,2,,,,,,,,,,,4,1,1,1,5,2,,2020,2020,2,2,4630,3000000.0,80,0,2020.0,2,2,2,,1000000.0,3,100,0,0,100,3,,4,3,1
1629188,934,1.8135495,4.7605557,discouraged,2,2,2.0,,1,2,2,,,,,,,,,,,4,4,2,2,40,2,,2021,2021,2,2,4210,9000000.0,0,0,,1,2,1,200000.0,7000000.0,4,100,0,0,90,2,3.0,10,5,25
1629189,961,1.8135495,4.7605557,no_need,2,2,1.0,,1,2,2,,,,,,,,,,,4,4,2,2,20,2,,2022,2022,2,2,4210,3000000.0,0,0,,2,2,2,,1500000.0,4,100,0,0,100,2,3.0,3,5,12
1629190,1002,2.3307273,4.3057036,no_need,2,2,1.0,,2,2,2,,,,,,,,,,,3,3,2,1,10,2,,2024,2024,2,2,1040,5953500.0,10,35,2024.0,1,2,2,,-7.0,3,100,0,0,70,2,3.0,6,2,0
1629191,1038,1.0,4.8455725,discouraged,2,2,4.0,,1,2,2,,,,,,,,,,,4,4,2,1,5,2,,2023,2023,2,2,4649,1500000.0,60,0,2023.0,1,1,2,,-7.0,4,100,0,0,80,1,3.0,2,2,1
1629192,1048,3.2991145,5.109369,discouraged,2,2,2.0,,2,2,2,,,,,,,,,,,2,2,2,1,18,2,,2023,2023,2,2,1071,18000000.0,0,0,,2,2,2,,15000000.0,4,100,0,0,100,2,2.0,1,3,6
1629193,1057,2.3797135,4.008844,no_need,2,2,1.0,,1,2,1,-9.0,-8.0,2.0,,,,,,,,1,3,2,1,50,2,,2009,2009,2,2,1040,200000000.0,5,15,2018.0,2,2,2,,150000000.0,3,100,0,0,96,2,3.0,7,10,3
1629195,1061,1.6899508,2.801251,no_need,2,2,1.0,,1,2,2,,,,,,,,,,,3,3,2,2,12,2,,2014,2014,2,2,4321,20000000.0,0,0,,1,2,2,,20000000.0,4,100,0,0,70,2,3.0,2,10,0
1629196,1062,1.0,1.009351,no_need,2,2,1.0,,1,2,2,,,,,,,,,,,2,2,2,3,120,2,,2005,2005,2,2,4730,18000000.0,0,0,,2,2,2,,20000000.0,3,100,0,0,100,1,3.0,30,40,50
1629197,1075,1.7817818,3.235125,no_need,2,2,1.0,,1,2,2,,,,,,,,,,,1,1,1,2,62,2,,2008,2008,2,1,1104,80000000.0,0,0,,1,1,2,,60000000.0,3,100,0,0,100,1,3.0,6,60,4
1629198,1086,5.415388,10.492743,approved_full,2,1,,1.0,1,2,1,1.0,300000.0,2.0,,,,,,,,1,1,1,1,40,2,,2006,2006,2,2,4100,500000.0,0,0,,2,2,1,80000.0,-7.0,4,100,0,0,100,2,3.0,10,15,15
1629199,1088,5.971265,14.54295,other_reason,2,2,7.0,,1,2,2,,,,,,,,,,,4,4,2,1,5,2,,2013,2013,2,2,4290,1000000.0,20,10,2013.0,2,2,2,,-9.0,1,70,10,10,40,2,3.0,8,4,2
1629200,1093,32.978874,44.096756,no_need,2,2,1.0,,1,2,1,4.0,-9.0,1.0,1.0,2.0,2.0,1.0,2.0,-9.0,,3,3,2,1,19,2,,1997,2023,2,2,4630,9600000.0,0,0,,2,2,1,300000.0,9000000.0,3,100,0,0,-9,1,3.0,-9,-9,3
1629201,1101,1.1599877,1.6717311,no_need,2,2,1.0,,1,2,2,,,,,,,,,,,3,3,2,2,8,1,40.0,2015,2015,2,2,1812,30000000.0,0,0,,1,2,2,,20000000.0,4,100,0,0,60,2,1.0,5,2,8
1629202,1127,1.0,1.4450359,discouraged,2,2,5.0,,1,2,2,,,,,,,,,,,4,1,1,3,9,2,,2018,2018,2,2,4100,5000000.0,0,0,,2,2,2,,3000000.0,3,100,0,0,100,2,3.0,2,2,6
1629203,1136,4.5739584,9.685307,discouraged,2,2,2.0,,2,2,2,,,,,,,,,,,4,3,2,1,7,1,100.0,2023,2024,1,2,1410,880000.0,0,0,,1,1,2,,380000.0,3,100,0,0,80,2,3.0,2,4,0
1629204,1150,3.2991145,5.109369,discouraged,2,2,2.0,,1,1,2,3.0,1360000.0,1.0,2.0,2.0,2.0,2.0,1.0,-9.0,,2,1,1,1,5,1,50.0,2014,2016,1,1,1079,2700000.0,0,0,,1,2,1,20000.0,3200000.0,4,100,0,0,100,2,3.0,4,10,4
1629205,1153,1.6899508,2.801251,no_need,2,2,1.0,,1,2,2,,,,,,,,,,,3,3,2,2,20,2,,2014,2014,2,1,4220,36000000.0,0,0,,1,2,2,,90000000.0,4,100,0,0,70,1,3.0,30,0,0
1629206,1181,2.3797135,4.008844,no_need,2,2,1.0,,1,2,2,,,,,,,,,,,1,1,1,1,6,2,,2023,2023,2,2,2220,1200000.0,0,0,,2,2,2,,800000.0,4,100,0,0,100,2,3.0,3,2,1
1629207,1192,6.067827,9.331877,no_need,2,2,1.0,,2,2,2,,,,,,,,,,,3,3,2,1,7,2,,2023,2023,2,2,7120,2500000.0,0,0,,1,2,1,290000.0,1000000.0,3,100,0,0,35,2,3.0,3,4,1
1629208,1194,1.1599877,1.6717311,discouraged,2,2,3.0,,2,2,2,,,,,,,,,,,3,3,2,2,10,2,,2016,2016,2,2,1079,1200000.0,0,0,,2,2,2,,700000.0,5,100,0,0,50,2,3.0,1,2,2
1629209,1198,4.5739584,9.685307,discouraged,2,2,2.0,,1,2,2,,,,,,,,,,,4,4,2,1,30,2,,2018,2018,2,2,2023,100000000.0,0,0,,2,2,2,,115000000.0,4,100,0,0,100,2,3.0,7,8,8
1629210,1206,1.1599877,1.6717311,no_need,2,2,1.0,,2,2,2,,,,,,,,,,,3,3,2,2,50,2,,2005,2005,2,2,1071,36000000.0,0,0,,1,2,2,,35500000.0,3,100,0,0,80,2,1.0,2,8,30
1629211,1210,2.5868266,5.8177285,approved_full,2,1,,1.0,1,2,1,1.0,9000000.0,2.0,,,,,,,,1,1,1,3,8,2,,2023,2023,2,2,4100,50000000.0,0,0,,2,2,2,,-7.0,3,100,0,0,100,2,3.0,6,0,0
1629212,1221,5.971265,14.54295,approved_full,2,1,,1.0,1,2,1,4.0,1000000.0,2.0,,,,,,,,4,4,2,1,5,2,,2022,2022,2,2,4100,6950000.0,0,0,,2,2,2,,4002000.0,3,100,0,0,100,1,3.0,1,2,2
1629213,1231,5.971265,14.54295,approved_full,2,1,,1.0,1,2,2,,,,,,,,,,,4,4,2,1,6,2,,2018,2018,2,2,4690,5000000.0,0,0,,2,2,1,60000.0,27000000.0,3,100,0,0,100,2,3.0,3,2,1
1629214,1241,1.1599877,1.6717311,discouraged,2,2,3.0,,1,2,2,,,,,,,,,,,3,3,2,2,60,2,,2023,2019,2,1,1030,33796000.0,0,0,,1,1,1,1000000.0,-7.0,4,100,0,0,100,1,1.0,5,5,12
1629215,1246,5.971265,14.54295,approved_partial,2,1,,2.0,1,2,1,4.0,-9.0,2.0,,,,,,,,4,4,2,1,10,2,,2023,2023,2,2,4210,4500000.0,0,0,,1,1,2,,-7.0,3,100,0,0,70,2,3.0,3,1,3
1629216,1248,1.7296375,3.7008953,no_need,2,2,1.0,,2,2,2,,,,,,,,,,,2,2,2,1,6,1,15.0,2021,2021,2,2,4630,5525000.0,0,0,,2,2,2,,0.0,5,100,0,0,100,1,3.0,4,1,0
1629217,1249,1.7817818,3.235125,no_need,2,2,1.0,,2,2,2,,,,,,,,,,,1,1,1,2,15,2,,2015,2020,2,2,1079,6240000.0,0,0,,2,1,2,,12000000.0,3,100,0,0,80,2,3.0,2,8,0
1629218,1253,5.971265,14.54295,no_need,2,2,1.0,,1,2,2,,,,,,,,,,,4,1,1,1,5,2,,2019,2019,2,2,6920,1200000.0,0,0,,2,2,2,,700000.0,3,100,0,0,100,2,3.0,7,0,2
1629219,1262,5.971265,14.54295,discouraged,2,2,6.0,,1,2,2,,,,,,,,,,,4,4,2,1,20,2,,2019,2019,2,2,5629,1900000.0,0,0,,2,2,2,,1600000.0,4,100,0,0,60,1,3.0,5,1,1
1629220,1263,1.7817818,3.235125,no_need,2,2,1.0,,1,2,2,,,,,,,,,,,1,1,1,2,400,2,,2016,2016,2,2,1050,393000000.0,0,0,,1,2,2,,152000000.0,4,100,0,0,100,2,3.0,8,10,3
1629222,1296,2.3797135,4.008844,other_reason,2,2,7.0,,1,2,2,,,,,,,,,,,1,1,1,1,30,2,,2020,2020,2,2,1050,20000000.0,0,0,,1,1,1,100000.0,6000000.0,3,100,0,0,100,2,3.0,2,2,0
1629223,1301,2.3797135,4.008844,other_reason,2,2,7.0,,1,2,2,,,,,,,,,,,1,1,1,1,7,2,,2018,2018,2,2,2220,2500000.0,0,0,,1,2,2,,1000000.0,3,100,0,0,100,2,3.0,5,5,0
1629224,1313,2.5868266,5.8177285,no_need,2,2,1.0,,1,2,2,,,,,,,,,,,1,1,1,3,25,1,30.0,2020,2020,2,2,4100,500000000.0,0,0,,1,2,1,210000.0,340000000.0,4,100,0,0,100,2,3.0,10,15,15
1629226,1328,3.2991145,5.109369,no_need,2,2,1.0,,2,2,2,,,,,,,,,,,2,2,2,1,6,2,,2023,2022,2,2,3100,2100000.0,0,0,,1,2,2,,1000000.0,3,100,0,0,100,2,3.0,10,0,0
1629227,1340,1.7817818,3.235125,no_need,2,2,1.0,,1,2,2,,,,,,,,,,,1,2,2,2,23,2,,2003,2003,2,1,4630,35000000.0,0,0,,2,2,2,,37000000.0,2,100,0,0,100,2,3.0,6,10,13
1629228,1349,2.3797135,4.008844,other_reason,2,2,7.0,,1,2,2,,,,,,,,,,,1,1,1,1,45,2,,2023,2023,2,2,1520,21000000.0,0,20,2024.0,1,1,2,,-7.0,3,100,0,0,100,2,3.0,18,22,0
1629230,1361,7.494959,13.3507,discouraged,2,2,2.0,,2,2,2,,,,,,,,,,,2,2,2,1,5,2,,2007,2007,2,2,4100,500000.0,0,0,,2,2,2,,-9.0,3,100,0,0,100,2,3.0,2,3,0
1629231,1373,5.971265,14.54295,discouraged,2,2,6.0,,1,2,2,,,,,,,,,,,4,4,2,1,6,2,,2024,2024,2,2,4290,8000000.0,0,0,,2,2,2,,-7.0,4,100,0,0,100,1,3.0,5,2,0
1629232,1375,3.2991145,5.109369,no_need,2,2,1.0,,2,2,2,,,,,,,,,,,2,1,1,1,60,2,,2019,2021,2,2,1079,18000000.0,0,0,,2,2,2,,26000000.0,4,100,0,0,100,1,3.0,10,10,25
1629233,1380,6.067827,9.331877,no_need,2,2,1.0,,2,2,1,-9.0,-8.0,2.0,,,,,,,,3,3,2,1,22,2,,1985,2023,2,2,4730,3300000.0,0,0,,2,2,2,,4800000.0,3,100,0,0,95,1,3.0,9,7,6
1629234,1398,7.494959,13.3507,no_need,2,2,1.0,,2,2,2,,,,,,,,,,,2,2,2,1,8,2,,2019,2019,2,2,4100,30000000.0,0,0,,1,-9,2,,10000000.0,3,100,0,0,100,2,3.0,10,20,30
1629235,1409,2.5868266,5.8177285,no_need,2,2,1.0,,1,2,2,,,,,,,,,,,1,1,1,3,11,2,,2022,2022,2,2,2732,35000000.0,0,0,,2,2,2,,30000000.0,4,50,50,0,45,1,3.0,4,1,0
1629236,1411,1.5489008,3.0840292,approved_full,1,1,,1.0,1,1,1,2.0,50000000.0,1.0,1.0,2.0,1.0,1.0,2.0,100000000.0,30.0,3,3,2,2,15,2,,2015,2015,2,2,4630,62219750.0,0,100,2015.0,1,1,1,350000.0,50452110.0,5,100,0,0,100,3,,10,5,0
1629237,1419,4.5739584,9.685307,no_need,2,2,1.0,,2,2,2,,,,,,,,,,,4,4,2,1,15,1,100.0,2006,2009,1,2,1410,830000.0,0,0,,1,2,2,,480000.0,3,100,0,0,80,1,3.0,3,2,4
1629238,1429,6.067827,9.331877,approved_full,2,1,,1.0,1,2,1,1.0,10000000.0,2.0,,,,,,,,3,1,1,1,14,2,,2020,2020,2,2,5229,1500000.0,0,0,,2,2,2,,-7.0,4,100,0,0,100,1,3.0,1,4,0
1629239,1434,6.067827,9.331877,discouraged,2,2,2.0,,1,2,2,,,,,,,,,,,3,3,2,1,8,2,,2002,2002,2,1,4100,540700.0,0,0,,2,2,2,,71000.0,5,100,0,0,100,2,3.0,5,0,0
1629240,1446,6.067827,9.331877,no_need,2,2,1.0,,1,2,2,,,,,,,,,,,3,1,1,1,25,2,,2003,2003,2,2,4290,30000000.0,0,0,,2,2,2,,60000000.0,4,100,0,0,100,2,3.0,15,10,5
1629241,1452,3.2991145,5.109369,approved_partial,1,1,,2.0,1,2,1,3.0,5000.0,2.0,,,,,,,10.0,2,2,2,1,12,1,100.0,1998,2013,1,1,1410,600000.0,0,0,,2,2,2,,800000.0,3,100,0,0,40,2,3.0,1,4,1
1629242,1453,1.0163754,2.7457263,no_need,2,2,1.0,,1,2,2,,,,,,,,,,,1,1,1,3,7,2,,2017,2017,2,2,4690,2000000.0,0,0,,2,2,2,,1800000.0,3,100,0,0,100,2,3.0,1,4,0
1629243,1454,1.0,1.5730151,no_need,2,2,1.0,,2,2,2,,,,,,,,,,,2,2,2,2,10,2,,2014,2014,2,2,2394,2000000.0,0,0,,2,2,2,,1500000.0,3,100,0,0,100,2,3.0,15,0,0
1629244,1495,6.067827,9.331877,no_need,2,2,1.0,,2,2,2,,,,,,,,,,,3,3,2,1,8,2,,2017,2021,2,2,4923,5000000.0,0,0,,2,1,1,100000.0,7000000.0,3,100,0,0,100,1,3.0,5,5,5
1629245,1514,1.1599877,1.6717311,discouraged,2,2,2.0,,1,2,2,,,,,,,,,,,3,3,2,2,14,2,,2014,2014,2,2,2431,10000000.0,0,0,,2,2,2,,7000000.0,4,100,0,0,100,2,3.0,6,9,3
1629246,1522,3.2991145,5.109369,approved_partial,2,1,,2.0,1,2,1,2.0,20000.0,2.0,,,,,,,,2,2,2,1,30,1,100.0,2021,2021,1,1,1393,1500000.0,0,0,,1,2,2,,1500000.0,3,100,0,0,60,2,2.0,18,2,0
1629247,1544,3.2991145,5.109369,no_need,2,2,1.0,,1,2,2,,,,,,,,,,,2,2,2,1,80,2,,2008,2009,2,2,2392,10000000.0,0,0,,2,2,2,,4000000.0,4,100,0,0,100,2,3.0,15,30,15
1629248,1551,3.2991145,5.109369,no_need,2,2,1.0,,2,2,2,,,,,,,,,,,2,2,2,1,9,2,,2015,2019,2,2,1040,60000000.0,0,0,,2,2,2,,45000000.0,3,100,0,0,100,2,3.0,2,3,6
1629249,1559,3.2991145,5.109369,no_need,2,2,1.0,,2,2,2,,,,,,,,,,,2,2,2,1,35,2,,2014,2014,2,2,1393,22000000.0,0,0,,2,2,2,,15000000.0,4,100,0,0,100,2,3.0,3,5,7
1629250,1561,1.0163754,2.7457263,discouraged,2,2,2.0,,1,2,2,,,,,,,,,,,1,1,1,3,8,2,,2022,2022,2,2,4652,4000000.0,0,0,,2,2,2,,1650000.0,4,100,0,0,100,1,3.0,4,1,1
1629251,1562,3.2906432,6.8719873,approved_full,2,1,,1.0,1,2,1,-9.0,10000000.0,2.0,,,,,,,,1,1,1,2,180,2,,2007,2007,2,1,4100,21977772.0,0,0,,1,1,2,,111344467.0,3,100,0,0,100,2,3.0,60,135,39
1629252,1591,3.2991145,5.109369,approved_full,2,1,,1.0,2,2,2,,,,,,,,,,,2,2,2,1,7,1,100.0,2005,2021,1,2,1410,720000.0,0,0,,2,2,2,,500000.0,3,100,0,0,100,2,3.0,2,1,1
1629254,1633,1.7296375,3.7008953,no_need,2,2,1.0,,1,2,2,,,,,,,,,,,2,2,2,1,6,2,,1992,1992,2,2,4690,1000000.0,0,30,1992.0,2,2,2,,1500000.0,3,100,0,0,100,3,,2,2,2
1629255,1638,2.7693353,6.4454284,no_need,2,2,1.0,,1,2,2,,,,,,,,,,,1,1,1,1,400,2,,2012,2012,2,1,4100,80000000.0,0,0,,2,2,1,100000.0,28000000.0,3,100,0,0,75,2,3.0,5,200,245
1629256,1645,3.2991145,5.109369,rejected,1,2,,3.0,2,2,2,,,,,,,,,,7.0,2,2,2,1,10,1,100.0,2023,2024,1,2,1393,800000.0,0,0,,2,2,2,,-7.0,3,100,0,0,80,2,2.0,8,2,0
1629257,1649,1.0,1.0089858,no_need,2,2,1.0,,2,2,1,4.0,1000000.0,2.0,,,,,,,,3,3,2,3,45,2,,2019,2013,2,2,2410,18076962.0,0,0,,1,2,2,,9000000.0,4,100,0,0,80,2,3.0,3,4,3
1629258,1663,2.3797135,4.008844,discouraged,2,2,2.0,,1,2,1,-9.0,-8.0,2.0,,,,,,,,1,1,1,1,10,1,100.0,2015,2019,1,2,1410,3000000.0,0,0,,2,2,2,,1200000.0,3,100,0,0,80,1,3.0,2,2,0
1629259,1666,5.971265,14.54295,discouraged,2,2,3.0,,1,2,2,,,,,,,,,,,4,4,2,1,7,2,,2020,2020,2,2,4690,6000000.0,0,50,2020.0,2,2,2,,9000000.0,3,100,0,0,100,3,,2,3,6
1629261,1692,2.3797135,4.008844,no_need,2,2,1.0,,1,2,2,,,,,,,,,,,1,2,2,1,8,2,,2010,2010,2,2,1040,25000000.0,0,0,,2,1,2,,20000000.0,3,100,0,0,100,2,3.0,2,4,2
1629262,1697,2.3797135,4.008844,no_need,2,2,1.0,,2,2,2,,,,,,,,,,,1,1,1,1,15,2,,2013,2016,2,2,2220,8000000.0,0,0,,2,2,2,,7000000.0,4,100,0,0,100,2,3.0,1,9,0
1629263,1702,7.494959,13.3507,discouraged,2,2,2.0,,1,2,1,4.0,-8.0,2.0,,,,,,,,2,2,2,1,6,2,,2012,2012,2,2,4923,500000.0,0,0,,2,2,2,,-9.0,3,100,0,0,100,2,3.0,-9,1,-9
1629264,1716,1.546778,3.5301352,reason_unknown,2,2,-9.0,,2,2,2,,,,,,,,,,,4,4,2,2,15,2,,2016,2021,2,2,3100,2000000.0,0,0,,2,2,2,,1700000.0,3,0,0,0,90,1,3.0,6,4,3
1629265,1725,5.415388,10.492743,rejected,1,2,,3.0,1,2,1,-9.0,2000000.0,2.0,,,,,,,120.0,1,1,1,1,280,1,100.0,2016,2016,1,2,6130,100000000.0,0,0,,1,2,1,-9.0,30000000.0,4,100,0,0,80,2,3.0,100,-9,-9
1629266,1726,4.5739584,9.685307,discouraged,2,2,5.0,,1,1,1,1.0,700000.0,2.0,,,,,,,,4,4,2,1,10,2,,1985,2003,2,2,2829,6000000.0,0,0,,2,2,1,80000.0,4000000.0,3,100,0,0,100,2,3.0,2,2,2
1629267,1738,3.2991145,5.109369,discouraged,2,2,3.0,,1,2,1,-9.0,10000.0,2.0,,,,,,,,2,2,2,1,25,1,100.0,2022,2023,1,2,1410,200000.0,0,0,,2,2,2,,100000.0,3,100,0,0,50,1,1.0,5,10,10
1629268,1740,1.0,1.2193496,no_need,2,2,1.0,,1,2,2,,,,,,,,,,,4,1,1,3,20,1,50.0,2010,2010,1,2,3100,2400000.0,0,0,,2,2,2,,7200000.0,4,100,0,0,100,1,3.0,16,0,0
1629269,1753,3.2906432,6.8719873,approved_full,2,1,,1.0,1,2,1,-9.0,-8.0,2.0,,,,,,,,1,1,1,2,22,2,,2010,2010,2,2,1820,1700000.0,0,0,,1,2,1,238000.0,7200000.0,4,100,0,0,100,2,-9.0,17,6,4
1629270,1771,5.415388,10.492743,withdrawn,1,1,,4.0,1,2,2,,,,,,,,,,,1,1,1,1,8,2,,2018,2018,2,1,4100,2600000.0,0,0,,2,2,2,,-7.0,3,100,0,0,100,2,3.0,3,2,4
1629271,1772,1.8918297,4.056594,discouraged,2,2,3.0,,1,1,1,1.0,20000000.0,1.0,1.0,1.0,1.0,1.0,2.0,80000000.0,,3,3,2,3,45,2,,2004,2004,2,1,2220,70000000.0,0,0,,1,1,1,600000.0,45000000.0,5,50,50,0,70,2,3.0,17,6,0
1629272,1774,1.0,1.009351,no_need,2,2,1.0,,1,2,2,,,,,,,,,,,2,2,2,3,8,2,,1991,2021,2,2,4661,3000000000.0,0,0,,2,2,2,,2000000000.0,3,100,0,0,100,2,3.0,150,70,30
1629273,1785,1.0163754,2.7457263,no_need,2,2,1.0,,1,2,1,-9.0,30000000.0,2.0,,,,,,,,1,1,1,3,70,2,,2018,2018,2,2,1920,201000000.0,0,0,,2,1,2,,185000000.0,5,100,0,0,100,2,1.0,3,4,0
1629274,1790,2.7693353,6.4454284,approved_full,2,1,,1.0,1,2,1,-9.0,10000000.0,2.0,,,,,,,,1,1,1,1,20,2,,2006,2006,2,1,4690,105000000.0,0,0,,1,2,1,180000.0,-7.0,5,100,0,0,90,2,3.0,6,10,4
1629275,1798,1.1952801,2.1486533,no_need,2,2,1.0,,1,2,2,,,,,,,,,,,2,2,2,3,5,2,,2016,2016,2,2,4100,6000000.0,0,0,,2,2,1,700000.0,4000000.0,3,100,0,0,70,2,3.0,3,5,10
1629276,1799,2.3797135,4.008844,discouraged,2,2,2.0,,2,2,2,,,,,,,,,,,1,2,1,1,25,2,,2024,2024,2,2,2029,12000000.0,0,0,,2,1,1,700000.0,-7.0,4,100,0,0,100,2,3.0,3,5,2
1629277,1801,2.3797135,4.008844,no_need,2,2,1.0,,1,2,2,,,,,,,,,,,1,1,1,1,30,2,,1998,1998,2,2,1520,10000000.0,0,0,,2,2,2,,9500000.0,4,100,0,0,100,2,3.0,3,21,0
1629278,1809,1.8918297,4.056594,discouraged,2,2,6.0,,1,2,2,,,,,,,,,,,3,3,2,3,5,2,,2020,2020,2,2,4630,90000000.0,0,100,2020.0,1,2,2,,85000000.0,3,100,0,0,65,3,,6,21,3
1629279,1821,3.2991145,5.109369,withdrawn,1,1,,4.0,1,2,2,,,,,,,,,,,2,2,2,1,200,1,100.0,2022,2022,1,2,1393,1500000.0,0,0,,2,2,2,,1200000.0,3,100,0,0,70,2,3.0,4,1,1
1629280,1841,4.5739584,9.685307,discouraged,2,2,2.0,,2,2,2,,,,,,,,,,,4,4,2,1,10,1,100.0,2015,2022,1,2,1430,500000.0,0,0,,1,2,1,50000.0,300000.0,3,100,0,0,100,1,3.0,5,4,0
1629281,1858,1.0,1.4450359,approved_full,2,1,,1.0,1,2,1,-9.0,50000.0,2.0,,,,,,,,4,4,2,3,8,2,,2010,2019,2,2,4100,3500000.0,0,0,,2,2,2,,1100000.0,3,100,0,0,100,2,3.0,1,2,5
1629282,1863,2.3797135,4.008844,approved_full,2,1,,1.0,1,1,1,1.0,1000000.0,1.0,1.0,1.0,1.0,1.0,2.0,1000000.0,,1,2,2,1,22,2,,2003,2004,2,1,2732,3500000.0,0,0,,1,1,2,,4000000.0,3,100,0,0,100,2,3.0,5,1,1
1629283,1865,3.2991145,5.109369,no_need,2,2,1.0,,2,2,2,,,,,,,,,,,2,2,2,1,30,2,,2020,2020,2,2,2930,4000000.0,0,0,,2,2,2,,2500000.0,3,100,0,0,100,2,3.0,30,0,0
1629284,1866,1.7817818,3.235125,no_need,2,2,1.0,,1,1,2,1.0,2000000.0,1.0,2.0,2.0,2.0,1.0,2.0,3000000.0,,1,1,1,2,15,2,,2010,2010,2,2,1410,30000000.0,0,0,,1,2,2,,25000000.0,4,100,0,0,100,1,3.0,25,3,2
1629285,1870,2.3797135,4.008844,discouraged,2,2,2.0,,1,2,2,,,,,,,,,,,1,1,1,1,8,2,,2017,2017,2,2,2022,15000000.0,0,0,,1,1,1,100000.0,10000000.0,4,100,0,0,100,2,3.0,6,2,2
1629286,1875,7.494959,13.3507,no_need,2,2,1.0,,1,2,2,,,,,,,,,,,2,2,2,1,5,2,,2010,2010,2,2,4921,10000000.0,0,0,,1,2,1,-9.0,-9.0,3,100,0,0,100,2,3.0,10,2,0
1629287,1879,2.3797135,4.008844,discouraged,2,2,2.0,,1,2,2,,,,,,,,,,,1,1,1,1,7,2,,2016,2016,2,2,2220,2800000.0,0,0,,1,2,1,200000.0,2700000.0,4,100,0,0,100,2,3.0,2,2,1
1629288,1893,5.415388,10.492743,no_need,2,2,1.0,,1,2,2,,,,,,,,,,,1,1,1,1,5,2,,2017,2017,2,2,4923,8000000.0,0,0,,2,2,2,,2000000.0,3,100,0,0,100,1,3.0,1,1,3
1629289,1909,5.971265,14.54295,no_need,2,2,1.0,,1,2,2,,,,,,,,,,,4,4,2,1,5,2,,2020,2020,2,2,4690,1500000.0,0,0,,2,2,2,,2000000.0,4,100,0,0,100,2,3.0,2,2,1
1629290,1917,3.2991145,5.109369,withdrawn,1,2,,4.0,1,2,2,,,,,,,,,,,2,2,2,1,37,1,100.0,2020,2020,1,2,1410,12000000.0,0,0,,2,2,2,,8000000.0,3,100,0,0,100,2,3.0,6,8,6
1629291,1929,1.2909241,2.5241895,no_need,2,2,1.0,,1,2,2,,,,,,,,,,,1,1,1,3,60,2,,2014,2014,2,1,2410,675000000.0,0,0,,1,2,2,,150000000.0,4,100,0,0,100,2,3.0,40,60,10
1629294,1951,4.5739584,9.685307,discouraged,2,2,3.0,,2,2,2,,,,,,,,,,,4,4,2,1,5,2,,2019,2019,2,2,2023,3000000.0,0,0,,2,2,1,50000.0,2000000.0,3,100,0,0,100,1,3.0,1,3,0
1629295,1960,5.971265,14.54295,no_need,2,2,1.0,,1,2,1,-9.0,1000000.0,2.0,,,,,,,,4,1,1,1,9,2,,2024,2024,2,2,4100,6850000.0,0,0,,1,2,1,2000000.0,-7.0,3,100,0,0,100,2,3.0,4,10,3
1629296,1965,1.0,2.3648567,withdrawn,2,1,,4.0,1,2,2,,,,,,,,,,,1,1,1,2,105,2,,2016,2016,2,2,4630,40000000.0,0,100,2016.0,1,1,1,1000000.0,50000000.0,4,100,0,0,100,3,,10,50,0
1629297,1967,2.3797135,4.008844,no_need,2,2,1.0,,2,2,2,,,,,,,,,,,1,1,1,1,14,2,,2024,2024,2,2,2732,800000.0,0,0,,2,2,1,20000.0,-7.0,3,100,0,0,100,2,3.0,1,10,0
1629298,1972,5.971265,14.54295,no_need,2,2,1.0,,1,2,2,,,,,,,,,,,4,4,2,1,7,2,,2023,2023,2,2,4661,5000000.0,0,0,,2,2,2,,12000000.0,4,100,0,0,100,1,3.0,2,3,2
1629299,1978,3.2991145,5.109369,approved_full,1,1,,1.0,1,1,1,1.0,170000.0,1.0,2.0,2.0,2.0,1.0,2.0,700000.0,7.0,2,2,2,1,5,1,100.0,2023,2024,1,2,1079,700000.0,0,0,,2,2,2,,500000.0,3,100,0,0,80,2,1.0,3,1,1
1629300,1984,7.494959,13.3507,discouraged,2,2,6.0,,1,2,2,,,,,,,,,,,2,2,2,1,8,2,,2012,2012,2,2,4100,4500000.0,0,0,,2,2,2,,3000000.0,4,100,0,0,100,2,3.0,6,1,1
1629301,1990,1.0,1.5730151,no_need,2,2,1.0,,1,2,2,,,,,,,,,,,2,2,2,2,43,2,,2024,2025,2,2,1079,30000000.0,0,0,,2,2,2,,-7.0,3,100,0,0,100,2,3.0,10,30,0
1629302,1998,1.1599877,1.6717311,no_need,2,2,1.0,,1,2,2,,,,,,,,,,,3,3,2,2,250,2,,2015,2015,2,2,1073,400000000.0,0,0,,1,2,2,,700000000.0,3,100,0,0,80,2,1.0,5,35,35
1629303,2002,5.971265,14.54295,discouraged,2,2,6.0,,1,2,1,4.0,40000.0,2.0,,,,,,,,4,4,2,1,7,2,,2019,2021,2,2,1811,2000000.0,0,0,,1,1,2,,3000000.0,3,100,0,0,70,2,3.0,1,2,0
1629305,2028,4.5739584,9.685307,approved_full,1,2,,1.0,1,1,1,1.0,150000.0,2.0,,,,,,,7.0,4,1,1,1,15,1,100.0,2024,2024,1,2,1520,50000.0,0,0,,2,2,2,,-7.0,4,100,0,0,20,1,3.0,5,0,0
1629306,2036,4.5739584,9.685307,no_need,2,2,1.0,,1,2,2,,,,,,,,,,,4,1,1,1,5,2,,2020,2020,2,2,4610,21000000.0,0,0,,1,1,1,200000.0,7000000.0,4,100,0,0,100,2,3.0,2,2,1
1629307,2048,2.3797135,4.008844,no_need,2,2,1.0,,2,2,2,,,,,,,,,,,1,1,1,1,35,1,80.0,2016,2018,1,2,1410,1500000.0,0,0,,2,2,2,,400000.0,4,100,0,0,60,1,3.0,15,3,0
1629308,2088,1.1599877,1.6717311,no_need,2,2,1.0,,1,2,2,,,,,,,,,,,3,3,2,2,20,2,,2013,2013,2,2,1430,7000000.0,0,0,,2,2,2,,8000000.0,4,100,0,0,90,2,1.0,2,14,1
1629309,2106,1.546778,3.5301352,approved_full,2,1,,1.0,1,2,1,-9.0,7000.0,2.0,,,,,,,,4,4,2,2,22,2,,2023,2023,2,2,2023,5000000.0,0,0,,2,2,2,,-7.0,3,100,0,0,100,2,3.0,2,10,4
1629310,2109,5.415388,10.492743,discouraged,2,2,2.0,,1,2,2,,,,,,,,,,,1,1,1,1,5,2,,2010,2011,2,2,2396,1200000.0,0,0,,2,2,2,,900000.0,3,100,0,0,20,2,-9.0,3,0,0
1629311,2123,1.1599877,1.6717311,discouraged,2,2,3.0,,1,2,2,,,,,,,,,,,3,3,2,2,45,2,,2011,2011,2,1,2511,95000000.0,0,0,,1,2,1,1200000.0,45000000.0,3,100,0,0,80,2,3.0,8,15,7
1629312,2124,5.971265,14.54295,no_need,2,2,1.0,,1,2,2,,,,,,,,,,,4,4,2,1,5,1,50.0,2014,2014,2,1,4210,5000000.0,0,0,,2,2,2,,-7.0,4,100,0,0,100,2,3.0,2,4,0
1629313,2133,2.3797135,4.008844,discouraged,2,2,6.0,,2,2,2,,,,,,,,,,,1,1,1,1,5,2,,2024,2024,2,2,1520,4000000.0,0,0,,2,2,2,,-7.0,1,100,0,0,100,1,3.0,2,1,0
1629314,2141,1.1599877,1.6717311,no_need,2,2,1.0,,1,2,2,,,,,,,,,,,3,3,2,2,21,2,,2017,2017,2,2,2029,20000000.0,0,0,,2,2,2,,15000000.0,4,100,0,0,90,2,3.0,4,6,2
1629315,2143,4.5739584,9.685307,approved_full,1,2,,1.0,1,1,1,1.0,200000.0,2.0,,,,,,,45.0,4,4,2,1,8,1,100.0,2024,2024,1,2,1410,2880000.0,0,0,,2,2,2,,-7.0,4,100,0,0,60,1,3.0,2,6,0
1629316,2146,6.067827,9.331877,discouraged,2,2,3.0,,1,2,2,,,,,,,,,,,3,3,2,1,25,2,,2020,2023,2,2,4100,21000000.0,0,0,,2,2,2,,8000000.0,3,100,0,0,80,2,3.0,4,4,4
1629317,2160,7.494959,13.3507,no_need,2,2,1.0,,1,2,2,,,,,,,,,,,2,2,2,1,40,2,,2007,2007,2,2,4690,5000000.0,0,0,,1,2,2,,2500000.0,3,100,0,0,100,2,3.0,4,46,0
1629319,2168,1.6899508,2.801251,discouraged,2,2,2.0,,1,2,2,,,,,,,,,,,3,1,1,2,7,2,,2012,2012,2,2,4921,3000000.0,0,0,,2,2,2,,3000000.0,4,100,0,0,100,2,3.0,3,2,3
1629320,2183,32.978874,44.096756,no_need,2,2,1.0,,2,2,1,-9.0,-8.0,2.0,,,,,,,,3,3,2,1,43,2,,2017,2018,2,2,1040,3700000.0,0,0,,2,2,2,,4500000.0,3,100,0,0,97,1,3.0,4,3,2
1629321,2185,6.067827,9.331877,no_need,2,2,1.0,,2,2,2,,,,,,,,,,,3,3,2,1,20,2,,2010,2010,2,2,4100,80000000.0,0,0,,2,2,2,,80000000.0,4,100,0,0,80,2,1.0,5,10,15
1629322,2189,1.1599877,1.6717311,approved_full,2,1,,1.0,1,2,1,2.0,3000000.0,1.0,1.0,2.0,2.0,2.0,2.0,41031100.0,,3,2,2,2,10,2,,2011,2011,2,2,1079,12500000.0,0,0,,1,1,1,200000.0,11800000.0,3,100,0,0,70,2,2.0,2,7,1
1629323,2231,1.0163754,2.7457263,no_need,2,2,1.0,,1,2,2,,,,,,,,,,,1,1,1,3,30,2,,2023,2024,2,2,1079,2000000.0,0,0,,2,2,2,,-7.0,3,100,0,0,40,1,3.0,4,6,0
1629324,2232,1.0163754,2.7457263,no_need,2,2,1.0,,2,2,2,,,,,,,,,,,1,1,1,3,7,2,,2023,2023,2,2,4690,4000000.0,0,0,,2,2,2,,1500000.0,4,100,0,0,100,2,3.0,2,3,2
1629325,2241,5.971265,14.54295,no_need,2,2,1.0,,1,2,1,-9.0,-9.0,2.0,,,,,,,,4,3,2,1,20,2,,2005,2005,2,2,4100,9500000.0,0,0,,1,1,1,25000.0,2000000.0,4,100,0,0,60,2,3.0,2,1,12
1629326,2277,5.415388,10.492743,apply_unknown,2,-9,,,1,2,2,,,,,,,,,,,1,2,2,1,12,2,,2007,2007,2,2,4210,3751000.0,0,0,,2,2,2,,5183200.0,3,100,0,0,100,2,3.0,5,2,5
1629327,2281,5.971265,14.54295,approved_full,2,1,,1.0,1,2,2,,,,,,,,,,,4,4,2,1,5,2,,2020,2020,2,2,4290,4000000.0,0,0,,2,2,1,500000.0,7000000.0,4,100,0,0,100,2,3.0,2,6,4
1629328,2288,1.7296375,3.7008953,discouraged,2,2,2.0,,1,2,2,,,,,,,,,,,2,2,2,1,200,2,,2008,2008,2,2,4661,684000000.0,0,0,,2,2,2,,478800000.0,3,100,0,0,100,2,2.0,54,134,12
1629329,2295,3.2991145,5.109369,no_need,2,2,1.0,,2,2,2,,,,,,,,,,,2,2,2,1,9,2,,2019,2020,2,2,1391,10000000.0,0,0,,2,2,2,,4000000.0,3,100,0,0,100,2,3.0,28,0,0
1629330,2304,2.3797135,4.008844,discouraged,2,2,2.0,,1,2,2,,,,,,,,,,,1,1,1,1,14,2,,2017,2017,2,2,2100,2000000.0,0,0,,1,2,2,,-7.0,4,100,0,0,100,2,3.0,3,1,0
1629332,2387,1.0163754,2.7457263,discouraged,2,2,2.0,,1,2,2,,,,,,,,,,,1,1,1,3,9,2,,2020,2020,2,2,4641,1525000.0,0,0,,2,2,2,,1200000.0,3,100,0,0,100,1,3.0,5,2,1
1629333,2391,3.2991145,5.109369,in_process,1,2,,-6.0,2,2,2,,,,,,,,,,,2,2,2,1,13,2,,2013,2015,2,2,1040,70000000.0,0,0,,2,2,2,,80000000.0,3,100,0,0,100,1,3.0,2,2,2
1629334,2433,1.0,4.8455725,discouraged,2,2,4.0,,2,2,2,,,,,,,,,,,4,3,2,1,7,2,,2018,2018,2,2,4530,30000000.0,0,0,,2,2,2,,20000000.0,4,100,0,0,100,1,3.0,2,2,3
1629335,2441,1.1599877,1.6717311,no_need,2,2,1.0,,2,2,2,,,,,,,,,,,3,3,2,2,34,2,,2017,2017,2,2,1920,3500000.0,0,0,,2,2,2,,3000000.0,3,100,0,0,80,1,3.0,2,3,1
1629337,2456,2.3797135,4.008844,no_need,2,2,1.0,,2,2,2,,,,,,,,,,,1,3,2,1,6,2,,2017,2017,2,2,2399,2000000.0,0,0,,2,2,2,,300000.0,3,100,0,0,100,1,3.0,1,3,4
1629338,2496,3.2991145,5.109369,no_need,2,2,1.0,,1,2,2,,,,,,,,,,,2,2,2,1,50,2,,2018,2012,2,1,2100,50000000.0,0,0,,1,2,2,,30000000.0,5,100,0,0,100,2,3.0,12,8,10
1629339,2502,7.494959,13.3507,no_need,2,2,1.0,,2,2,2,,,,,,,,,,,2,2,2,1,13,2,,2015,2015,2,2,4100,-9.0,0,0,,1,2,2,,-9.0,3,0,0,0,90,2,3.0,23,8,72
1629340,2548,1.0,1.2193496,no_need,2,2,1.0,,1,2,2,,,,,,,,,,,4,4,2,3,1500,2,,1994,2014,2,2,1393,36532000.0,80,0,2000.0,2,2,2,,45360000.0,4,100,0,0,100,3,,300,700,490
1629341,2554,2.5868266,5.8177285,discouraged,2,2,2.0,,1,2,2,,,,,,,,,,,1,1,1,3,5,2,,2023,2023,2,2,4210,500000.0,0,0,,2,2,2,,-7.0,3,100,0,0,30,1,3.0,4,2,0
1629342,2574,5.415388,10.492743,no_need,2,2,1.0,,1,2,2,,,,,,,,,,,1,1,1,1,24,2,,2009,2009,2,2,4100,36570000.0,0,0,,2,2,2,,14860000.0,3,100,0,0,100,1,3.0,11,5,2
1629343,2577,1.2909241,2.5241895,no_need,2,2,1.0,,1,2,2,,,,,,,,,,,1,1,1,3,280,2,,2016,2016,2,2,2410,28000000.0,0,0,,2,2,1,2000000.0,18000000.0,4,100,0,0,100,2,3.0,50,30,170
1629344,2600,1.2909241,2.5241895,no_need,2,2,1.0,,1,2,2,,,,,,,,,,,1,1,1,3,350,2,,2008,2008,2,1,2732,290000000.0,0,0,,1,2,1,4690000.0,100000000.0,4,100,0,0,100,2,3.0,40,30,30
1629345,2604,1.7817818,3.235125,approved_full,1,2,,1.0,2,1,2,1.0,-9.0,2.0,,,,,,,16.0,1,1,1,2,20,2,,2015,2015,2,2,2511,3000000.0,0,0,,2,2,2,,-7.0,4,100,0,0,100,2,3.0,3,1,0
1629346,2612,3.2991145,5.109369,discouraged,2,2,2.0,,2,2,2,,,,,,,,,,,2,2,2,1,25,2,,2014,2014,2,2,1520,7000000.0,0,0,,1,2,2,,8500000.0,4,100,0,0,100,2,3.0,1,2,5
1629347,2614,1.0163754,2.7457263,reason_unknown,2,2,-9.0,,1,2,2,,,,,,,,,,,1,1,1,3,8,2,,2005,2007,2,2,4649,9000000.0,0,0,,2,2,2,,7000000.0,4,100,0,0,100,2,3.0,2,2,2
1629348,2622,1.8420676,3.2882755,discouraged,2,2,4.0,,1,2,2,,,,,,,,,,,3,3,2,3,6,2,,2015,2018,2,2,4100,5000000.0,0,0,,1,2,2,,4500000.0,3,100,0,0,70,1,3.0,2,3,1
1629349,2624,2.3797135,4.008844,no_need,2,2,1.0,,2,2,2,,,,,,,,,,,1,3,2,1,180,2,,2004,2005,2,2,1702,390000000.0,0,0,,1,2,1,7000000.0,350000000.0,3,100,0,0,70,2,2.0,10,10,30
1629350,2626,1.1599877,1.6717311,discouraged,2,2,4.0,,1,2,1,3.0,9000000.0,1.0,1.0,2.0,2.0,1.0,2.0,118000000.0,,3,1,1,2,75,2,,2007,2011,2,1,2220,50000000.0,0,0,,1,2,1,2100000.0,70000000.0,5,100,0,0,100,2,3.0,5,15,40
1629351,2651,1.7817818,3.235125,discouraged,2,2,6.0,,1,2,2,,,,,,,,,,,1,2,2,2,170,2,,1993,1993,2,1,3100,280000000.0,5,0,2014.0,1,1,1,700000.0,210000000.0,3,100,0,0,90,2,3.0,50,40,30
1629352,2678,5.971265,14.54295,discouraged,2,2,2.0,,1,2,2,,,,,,,,,,,4,4,2,1,5,2,,2008,2008,2,2,4290,7500000.0,0,0,,2,2,2,,10000000.0,3,100,0,0,100,1,3.0,25,25,0
1629353,2711,2.3797135,4.008844,no_need,2,2,1.0,,1,2,2,,,,,,,,,,,1,1,1,1,15,2,,2016,2016,2,2,2100,5000000.0,0,0,,1,2,1,150000.0,6000000.0,4,100,0,0,100,2,3.0,4,2,4
1629354,2716,1.7296375,3.7008953,no_need,2,2,1.0,,1,2,2,,,,,,,,,,,2,2,2,1,12,2,,2020,2020,2,2,4663,34500000.0,0,0,,2,2,2,,30000000.0,3,100,0,0,100,2,3.0,2,10,8
1629355,2780,1.1599877,1.6717311,approved_partial,1,1,,2.0,1,2,2,,,,,,,,,,20.0,3,3,2,2,5,2,,2015,2015,2,2,2023,1800000.0,0,0,,1,2,1,700000.0,2800000.0,3,100,0,0,80,2,3.0,1,1,0
1629356,2794,6.067827,9.331877,no_need,2,2,1.0,,2,2,2,,,,,,,,,,,3,3,2,1,8,2,,2019,2023,2,2,5229,61900000.0,0,0,,2,2,2,,42300000.0,1,100,0,0,82,2,2.0,8,22,30
1629357,2800,1.1599877,1.6717311,discouraged,2,2,2.0,,1,2,2,,,,,,,,,,,3,3,2,2,15,2,,2014,2014,2,2,2740,7000000.0,0,0,,2,2,1,280000.0,3500000.0,3,100,0,0,90,2,3.0,6,3,2
1629358,2812,2.5868266,5.8177285,discouraged,2,2,6.0,,1,2,2,,,,,,,,,,,1,1,1,3,8,2,,2021,2021,2,2,4923,2000000.0,0,0,,2,2,2,,1000000.0,4,100,0,0,100,2,3.0,2,4,2
1629359,2817,5.971265,14.54295,no_need,2,2,1.0,,1,2,2,,,,,,,,,,,4,4,2,1,6,2,,2018,2019,2,2,4923,10000000.0,0,0,,1,1,2,,1500000.0,3,100,0,0,60,2,3.0,3,1,2
1629360,2821,32.978874,44.096756,discouraged,2,2,2.0,,2,2,2,,,,,,,,,,,3,3,2,1,5,2,,2017,2017,2,2,4789,3000000.0,0,0,,2,2,2,,6000000.0,3,100,0,0,100,1,3.0,7,5,9
1629361,2824,1.546778,3.5301352,discouraged,2,2,2.0,,1,1,1,1.0,450000.0,1.0,1.0,1.0,1.0,1.0,1.0,120000.0,,4,4,2,2,9,2,,2015,2012,2,2,2512,1700000.0,0,0,,1,2,1,100000.0,1200000.0,3,100,0,0,70,2,3.0,1,1,0
1629362,2847,1.6899508,2.801251,no_need,2,2,1.0,,1,2,2,,,,,,,,,,,3,3,2,2,8,2,,2014,2014,2,2,4290,5500000.0,0,0,,2,2,2,,1200000.0,4,100,0,0,22,2,3.0,6,2,0
1629363,2869,1.0,4.8455725,discouraged,2,2,3.0,,1,2,2,,,,,,,,,,,4,3,2,1,8,2,,2018,2020,2,2,4663,304070916.0,0,20,2024.0,2,2,2,,86467861.0,3,100,0,0,100,1,3.0,3,7,1
1629364,2874,2.7693353,6.4454284,no_need,2,2,1.0,,1,2,2,,,,,,,,,,,1,1,1,1,50,2,,2014,2014,2,2,5221,500000.0,0,50,2016.0,2,2,1,50000.0,-7.0,4,100,0,0,100,1,3.0,10,10,30
1629365,2883,3.2991145,5.109369,withdrawn,1,1,,4.0,1,1,1,1.0,22000.0,1.0,2.0,2.0,2.0,1.0,2.0,20000.0,,2,2,2,1,50,1,100.0,2018,2024,1,2,1393,2200000.0,0,0,,2,2,2,,2000000.0,3,100,0,0,10,1,2.0,28,2,0
1629366,2898,3.2991145,5.109369,approved_partial,2,1,,2.0,2,1,2,3.0,500000.0,1.0,1.0,2.0,2.0,2.0,2.0,600000.0,,2,2,2,1,6,2,,2024,2024,2,2,1520,3000000.0,50,0,2024.0,2,2,2,,-7.0,4,100,0,0,100,2,3.0,1,1,2
1629367,2911,1.8135495,4.7605557,no_need,2,2,1.0,,1,2,2,,,,,,,,,,,4,1,1,2,25,2,,2013,2013,2,2,4210,30000000.0,0,0,,2,2,2,,7000000.0,4,100,0,0,100,2,3.0,5,10,3
1629368,2920,1.7817818,3.235125,in_process,1,2,,-6.0,1,2,2,,,,,,,,,,,1,1,1,2,70,2,,2015,2015,2,1,1010,20000000.0,0,0,,1,2,1,400000.0,5000000.0,4,100,0,0,100,2,3.0,40,80,20
1629369,2937,2.3797135,4.008844,discouraged,2,2,2.0,,2,2,2,,,,,,,,,,,1,3,2,1,7,2,,2023,2023,2,2,2100,65000000.0,20,20,2023.0,1,2,1,1230000.0,45000000.0,3,100,0,0,65,3,,70,50,40
1629371,2943,5.415388,10.492743,no_need,2,2,1.0,,1,2,2,,,,,,,,,,,1,1,1,1,6,1,20.0,2017,2017,2,1,6920,1600000.0,0,0,,2,2,2,,600000.0,4,100,0,0,80,2,2.0,5,4,0
1629372,2966,1.6899508,2.801251,no_need,2,2,1.0,,2,2,2,,,,,,,,,,,3,3,2,2,6,2,,2015,2015,2,2,4923,578000.0,0,60,2015.0,2,2,2,,350000.0,3,100,0,0,100,3,,2,2,2
1629373,3002,1.546778,3.5301352,no_need,2,2,1.0,,1,2,2,,,,,,,,,,,4,4,2,2,8,2,,2016,2016,2,2,1410,2000000.0,0,0,,2,2,2,,2500000.0,3,0,0,0,100,1,2.0,2,3,2
1629374,3003,3.2991145,5.109369,no_need,2,2,1.0,,2,2,2,,,,,,,,,,,2,1,1,1,10,2,,2024,2024,2,2,1709,1500000.0,0,0,,2,2,2,,-7.0,4,100,0,0,50,1,3.0,2,5,0
1629375,3030,2.3797135,4.008844,no_need,2,2,1.0,,1,2,1,-9.0,-8.0,2.0,,,,,,,,1,3,2,1,35,2,,2013,2013,2,2,1040,27400000.0,0,0,,2,2,2,,25000000.0,4,100,0,0,95,2,3.0,2,3,1
1629376,3039,6.067827,9.331877,no_need,2,2,1.0,,1,2,2,,,,,,,,,,,3,1,1,1,15,2,,2023,2023,2,2,4100,2500000.0,0,0,,2,2,2,,2000000.0,4,100,0,0,100,2,3.0,2,4,4
1629377,3065,1.1599877,1.6717311,no_need,2,2,1.0,,1,2,2,,,,,,,,,,,3,3,2,2,80,2,,2014,2014,2,2,2511,30000000.0,0,0,,1,2,2,,10000000.0,4,100,0,0,80,2,2.0,2,70,3
1629378,3072,5.415388,10.492743,no_need,2,2,1.0,,1,2,2,,,,,,,,,,,1,1,1,1,7,2,,2011,2011,2,2,4652,70000000.0,0,0,,1,1,1,100000.0,30000000.0,4,100,0,0,100,2,3.0,4,7,2
1629379,3083,5.415388,10.492743,discouraged,2,2,6.0,,1,2,2,,,,,,,,,,,1,1,1,1,7,2,,2022,2022,2,2,4100,5000000.0,0,0,,2,2,2,,0.0,3,100,0,0,100,2,3.0,2,4,1
1629380,3084,2.3797135,4.008844,discouraged,2,2,6.0,,1,2,2,,,,,,,,,,,1,1,1,1,20,2,,2005,2010,2,2,1071,2500000.0,0,0,,2,2,2,,3000000.0,3,100,0,0,100,1,3.0,2,3,5
1629381,3089,2.3797135,4.008844,discouraged,2,2,2.0,,2,2,2,,,,,,,,,,,1,1,1,1,20,1,100.0,2015,2017,1,2,1410,2200000.0,0,0,,1,2,2,,700000.0,3,100,0,0,70,2,3.0,6,5,6
1629382,3090,1.0,1.5730151,no_need,2,2,1.0,,1,2,2,,,,,,,,,,,2,2,2,2,20,2,,2003,2003,2,1,2220,24000000.0,10,10,2003.0,1,1,2,,14000000.0,3,100,0,0,100,2,2.0,4,6,4
1629383,3094,1.1599877,1.6717311,no_need,2,2,1.0,,2,2,2,,,,,,,,,,,3,3,2,2,80,2,,2014,2014,2,2,1702,80000000.0,0,0,,1,2,2,,100000000.0,3,100,0,0,60,2,2.0,2,20,32
1629384,3099,5.415388,10.492743,discouraged,2,2,3.0,,1,2,2,,,,,,,,,,,1,1,1,1,12,2,,2008,2008,2,2,4100,3000000.0,0,0,,2,2,2,,-7.0,4,100,0,0,100,1,3.0,4,4,2
1629386,3107,1.0,1.2193496,no_need,2,2,1.0,,1,2,2,,,,,,,,,,,4,1,1,3,20,2,,2018,2012,2,2,2022,4500000.0,0,0,,2,2,1,100000.0,5000000.0,4,100,0,0,100,2,3.0,1,2,2
1629387,3120,1.0,1.5730151,approved_partial,2,1,,2.0,1,2,1,3.0,25000.0,2.0,,,,,,,,2,2,2,2,10,1,100.0,2023,2024,1,2,1410,500000.0,0,0,,2,2,2,,-7.0,3,100,0,0,70,1,1.0,6,0,0
1629388,3127,5.971265,14.54295,approved_full,1,1,,1.0,1,1,1,3.0,1750000.0,1.0,1.0,2.0,1.0,1.0,2.0,1750000.0,1.0,4,1,1,1,5,2,,2017,2017,2,2,4100,10600000.0,0,0,,2,1,2,,0.0,3,100,0,0,100,2,3.0,2,4,0
1629389,3157,2.3797135,4.008844,approved_full,1,2,,1.0,2,1,2,1.0,145000.0,2.0,,,,,,,3.0,1,1,1,1,9,1,100.0,2022,2023,1,2,1410,80000.0,40,0,2023.0,2,2,2,,10000.0,3,100,0,0,100,1,3.0,4,3,1
1629390,3176,1.546778,3.5301352,no_need,2,2,1.0,,1,2,2,,,,,,,,,,,4,3,2,2,18,2,,2015,2018,2,2,2220,10500000.0,0,0,,1,2,1,150000.0,3000000.0,4,100,0,0,100,1,3.0,4,6,2
1629391,3206,4.5739584,9.685307,no_need,2,2,1.0,,2,2,2,,,,,,,,,,,4,4,2,1,5,1,100.0,2013,2013,1,2,1393,500000.0,0,0,,2,2,2,,1000000.0,3,100,0,0,100,1,3.0,1,2,2
1629392,3217,1.2909241,2.5241895,discouraged,2,2,2.0,,1,2,2,,,,,,,,,,,1,1,1,3,12,2,,2013,2013,2,2,2220,6500000.0,0,0,,1,1,2,,4600000.0,3,100,0,0,100,2,3.0,3,4,2
1629393,3223,7.494959,13.3507,no_need,2,2,1.0,,1,2,2,,,,,,,,,,,2,2,2,1,5,1,10.0,2024,2023,2,2,6120,2100000.0,0,0,,2,2,2,,-7.0,4,100,0,0,70,1,3.0,3,3,4
1629394,3234,2.3797135,4.008844,no_need,2,2,1.0,,1,2,2,,,,,,,,,,,1,1,1,1,6,2,,2002,2002,2,2,1410,3000000.0,0,0,,2,2,2,,2000000.0,4,100,0,0,100,2,3.0,6,4,2
1629395,3245,1.1599877,1.6717311,no_need,2,2,1.0,,2,2,2,,,,,,,,,,,3,3,2,2,50,1,40.0,2007,2014,2,2,1410,27600000.0,0,0,,2,2,2,,15000000.0,4,100,0,0,30,2,3.0,8,12,15
1629397,3256,1.2909241,2.5241895,other_reason,2,2,7.0,,1,2,2,,,,,,,,,,,1,1,1,3,15,2,,2008,2008,2,2,4540,250000000.0,0,0,,1,2,1,300000.0,200000000.0,5,100,0,0,15,2,3.0,3,5,7
1629398,3257,5.971265,14.54295,approved_full,2,1,,1.0,1,2,1,3.0,5000000.0,2.0,,,,,,,,4,1,1,1,90,2,,2019,2019,2,2,4100,130000000.0,0,0,,1,1,1,3000000.0,5000000.0,4,100,0,0,100,2,3.0,6,18,0
1629399,3300,2.3797135,4.008844,no_need,2,2,1.0,,1,2,2,,,,,,,,,,,1,1,1,1,55,2,,2013,2013,2,2,2750,48500000.0,0,0,,1,2,2,,41414000.0,3,100,0,0,100,2,3.0,25,0,0
1629401,3367,2.5868266,5.8177285,discouraged,2,2,3.0,,1,2,2,,,,,,,,,,,1,1,1,3,6,2,,2008,2008,2,2,4329,18000000.0,0,0,,1,1,2,,110000.0,4,100,0,0,100,2,3.0,3,2,1
1629402,3379,1.7296375,3.7008953,no_need,2,2,1.0,,1,2,2,,,,,,,,,,,2,2,2,1,50,2,,1993,1993,2,2,4661,40000000.0,0,0,,2,1,2,,30000000.0,3,100,0,0,100,2,3.0,32,9,9
1629403,3410,5.971265,14.54295,no_need,2,2,1.0,,1,2,1,4.0,-9.0,-9.0,,,,,,,,4,4,2,1,25,2,,2012,2012,2,2,6120,19200000.0,0,0,,1,1,1,5000.0,15600000.0,3,100,0,0,100,1,3.0,4,12,4
1629404,3447,1.0,1.009351,no_need,2,2,1.0,,1,2,2,,,,,,,,,,,2,2,2,3,5,2,,2013,2013,2,2,4690,18400000.0,0,100,2013.0,2,2,2,,8000000.0,4,100,0,0,100,2,3.0,2,2,1
1629405,3470,1.6899508,2.801251,discouraged,2,2,3.0,,2,2,2,,,,,,,,,,,3,3,2,2,5,2,,2000,2000,2,2,4100,1000000.0,0,0,,2,2,2,,1500000.0,3,100,0,0,100,1,3.0,2,1,2
1629406,3483,5.415388,10.492743,no_need,2,2,1.0,,2,2,2,,,,,,,,,,,1,1,1,1,6,1,49.0,2017,2017,2,2,6910,1000000.0,0,0,,2,2,2,,400000.0,4,100,0,0,100,1,3.0,3,3,0
1629407,3495,2.3797135,4.008844,approved_full,2,1,,1.0,1,2,1,-9.0,500000.0,2.0,,,,,,,,1,4,2,1,80,2,,2018,2005,2,2,2511,230000000.0,0,0,,2,2,2,,180000000.0,3,100,0,0,100,2,3.0,5,5,30
1629408,3506,1.7296375,3.7008953,no_need,2,2,1.0,,2,2,2,,,,,,,,,,,2,2,2,1,5,2,,2021,2021,2,2,4630,10500000.0,0,0,,2,2,1,1000000.0,11000000.0,4,100,0,0,100,2,3.0,2,2,0
1629409,3507,2.3797135,4.008844,discouraged,2,2,3.0,,1,2,2,,,,,,,,,,,1,3,2,1,40,2,,2010,2010,2,2,1071,3000000.0,0,0,,1,2,2,,2000000.0,4,100,0,0,100,1,3.0,2,2,4
1629410,3510,1.1599877,1.6717311,no_need,2,2,1.0,,1,2,2,,,,,,,,,,,3,3,2,2,15,2,,2006,2006,2,2,1702,20000000.0,0,0,,2,2,2,,15000000.0,3,100,0,0,100,2,2.0,2,6,2
1629411,3516,7.494959,13.3507,no_need,2,2,1.0,,2,2,2,,,,,,,,,,,2,2,2,1,50,2,,2021,2021,2,2,4100,7000000.0,15,0,2021.0,2,2,2,,1000000.0,3,100,0,0,90,2,3.0,4,6,40
1629412,3531,1.2909241,2.5241895,other_reason,2,2,7.0,,1,2,2,,,,,,,,,,,1,1,1,3,30,2,,2023,2023,2,2,1629,2800000.0,0,0,,1,1,2,,-7.0,4,100,0,0,100,1,3.0,4,2,0
1629413,3543,4.5739584,9.685307,other_reason,2,2,7.0,,2,2,2,,,,,,,,,,,4,4,2,1,9,2,,2008,2024,2,2,1393,1000000.0,0,0,,2,2,2,,1500000.0,1,100,0,0,50,2,3.0,2,2,1
1629414,3545,3.2906432,6.8719873,discouraged,2,2,3.0,,1,2,2,,,,,,,,,,,1,1,1,2,15,2,,2014,2014,2,2,4210,22000000.0,0,0,,1,1,1,300000.0,14000000.0,4,100,0,0,100,2,3.0,6,8,1
1629415,3549,2.5868266,5.8177285,no_need,2,2,1.0,,1,2,1,-9.0,-8.0,2.0,,,,,,,,1,1,1,3,100,2,,2007,2007,2,2,4100,4000000.0,0,0,,2,2,2,,8000000.0,3,100,0,0,70,1,3.0,8,22,0
1629416,3552,3.2991145,5.109369,no_need,2,2,1.0,,2,2,2,,,,,,,,,,,2,2,2,1,22,1,100.0,2010,2022,1,2,1410,1500000.0,0,0,,2,1,2,,800000.0,3,100,0,0,100,1,3.0,2,2,0
1629417,3561,7.494959,13.3507,no_need,2,2,1.0,,1,2,2,,,,,,,,,,,2,2,2,1,200,2,,2021,2021,2,2,6120,18000000.0,0,0,,1,1,1,100000.0,9600000.0,4,100,0,0,70,1,3.0,6,6,6
1629419,3596,3.2991145,5.109369,discouraged,2,2,3.0,,2,2,2,,,,,,,,,,,2,2,2,1,5,2,,2016,2016,2,2,1520,9000000.0,0,0,,2,2,2,,10000000.0,3,100,0,0,100,2,3.0,2,2,1
1629420,3598,2.3307273,4.3057036,no_need,2,2,1.0,,1,2,2,,,,,,,,,,,3,3,2,1,25,2,,1981,2002,2,2,4620,70000000.0,0,0,,1,1,2,,40000000.0,4,100,0,0,80,1,3.0,3,3,0
1629421,3611,1.0,1.0089858,discouraged,2,2,2.0,,1,2,2,,,,,,,,,,,3,3,2,3,60,2,,2018,2022,2,1,2220,156000000.0,0,0,,1,1,1,200000.0,25000000.0,4,100,0,0,70,2,3.0,25,20,5
1629422,3617,3.2991145,5.109369,discouraged,2,2,3.0,,2,2,2,,,,,,,,,,,2,2,2,1,12,2,,1995,2022,2,2,1040,5500000.0,0,0,,2,1,2,,6500000.0,3,100,0,0,90,1,3.0,4,2,0
1629423,3618,2.7693353,6.4454284,discouraged,2,2,3.0,,1,2,2,,,,,,,,,,,1,1,1,1,20,2,,1990,1990,2,1,4690,365000000.0,0,0,,1,1,2,,400000000.0,4,100,0,0,100,2,3.0,30,10,5
1629424,3639,2.5868266,5.8177285,no_need,2,2,1.0,,1,2,2,,,,,,,,,,,1,3,2,3,10,2,,1995,2005,2,2,5229,17500000.0,0,0,,2,2,2,,25232542.0,4,100,0,0,100,2,3.0,6,4,0
1629425,3661,3.2906432,6.8719873,discouraged,2,2,4.0,,1,2,1,4.0,-8.0,2.0,,,,,,,,1,1,2,2,6,2,,2010,2010,2,2,4290,500000.0,0,0,,2,2,1,60000.0,1300000.0,3,100,0,0,90,1,3.0,2,2,2
1629426,3665,3.2991145,5.109369,discouraged,2,2,3.0,,2,2,2,,,,,,,,,,,2,1,1,1,6,2,,2024,2024,2,2,1061,1500000.0,0,0,,2,2,2,,-7.0,3,100,0,0,100,1,3.0,2,3,1
1629428,3674,1.0,1.5730151,rejected,2,1,,3.0,2,2,2,,,,,,,,,,,2,2,2,2,12,1,20.0,2024,2024,1,1,1079,1200000.0,0,0,,2,2,2,,-7.0,4,100,0,0,100,2,2.0,2,3,1
1629429,3715,1.1599877,1.6717311,in_process,1,2,,-6.0,1,2,2,,,,,,,,,,,3,3,1,2,30,2,,2011,2011,2,1,2220,156000000.0,0,0,,1,2,1,2000000.0,85000000.0,4,100,0,0,100,2,3.0,4,12,8
1629430,3730,3.2991145,5.109369,no_need,2,2,1.0,,2,2,2,,,,,,,,,,,2,2,2,1,60,2,,2010,2015,2,1,1040,400000000.0,0,80,2011.0,2,2,2,,100000000.0,3,100,0,0,90,3,,10,-9,-9
1629431,3735,7.494959,13.3507,no_need,2,2,1.0,,1,2,1,-9.0,20000000.0,2.0,,,,,,,,2,2,2,1,14,1,50.0,2015,2015,2,2,4210,50000000.0,0,0,,1,1,2,,40000000.0,4,20,70,0,80,2,3.0,5,4,3
1629432,3744,2.5868266,5.8177285,discouraged,2,2,2.0,,2,2,2,,,,,,,,,,,1,3,2,3,12,2,,2019,2019,2,2,4923,-9.0,0,0,,2,1,1,120000.0,-9.0,4,100,0,0,100,2,3.0,6,4,2
1629433,3745,5.415388,10.492743,approved_full,2,1,,1.0,1,2,1,1.0,800000.0,2.0,,,,,,,,1,1,1,1,6,1,50.0,2017,2017,2,2,4100,3500000.0,0,0,,1,2,1,500000.0,-7.0,4,100,0,0,60,2,2.0,4,2,0
1629434,3758,1.1599877,1.6717311,no_need,2,2,1.0,,2,2,2,,,,,,,,,,,3,3,2,2,22,2,,2023,2023,2,2,2420,100000000.0,100,0,2023.0,2,2,2,,20000000.0,4,100,0,0,100,3,,6,8,4
1629435,3767,2.3797135,4.008844,no_need,2,2,1.0,,1,2,2,,,,,,,,,,,1,1,1,1,10,2,,2017,2018,2,2,2023,35000000.0,0,0,,1,2,2,,30000000.0,3,100,0,0,100,2,3.0,2,7,1
1629436,3772,1.5489008,3.0840292,discouraged,2,2,3.0,,1,2,2,,,,,,,,,,,3,3,2,2,23,2,,2015,2015,2,2,2220,35000000.0,0,0,,1,1,2,,30000000.0,5,100,0,0,65,2,3.0,5,5,10
1629438,3777,1.6899508,2.801251,no_need,2,2,1.0,,1,2,2,,,,,,,,,,,3,3,2,2,15,2,,2016,2016,2,2,4100,1800000.0,0,0,,1,2,1,300000.0,800000.0,3,100,0,0,70,2,2.0,3,7,5
1629439,3781,2.5868266,5.8177285,rejected,1,1,,3.0,1,2,2,,,,,,,,,,2.0,1,1,1,3,5,2,,2023,2023,2,2,4652,2500000.0,0,0,,1,1,1,100000.0,-7.0,3,100,0,0,100,2,3.0,2,1,0
1629440,3796,1.0,4.8455725,no_need,2,2,1.0,,1,2,2,,,,,,,,,,,4,1,1,1,8,2,,2021,2021,2,2,4663,38000000.0,0,0,,2,2,2,,63500000.0,4,100,0,0,100,1,3.0,5,2,1
1629442,3821,1.0,1.0089858,no_need,2,2,1.0,,2,2,2,,,,,,,,,,,3,3,2,3,500,2,,2009,2009,2,1,4630,136000000.0,0,0,,1,2,1,130000.0,100800000.0,3,100,0,0,60,2,3.0,10,30,40
1629443,3844,1.1599877,1.6717311,no_need,2,2,1.0,,2,2,2,,,,,,,,,,,3,3,2,2,46,2,,2022,2020,2,2,1080,167500000.0,0,0,,1,1,1,200000.0,67000000.0,1,100,0,0,80,2,3.0,10,40,10
1629444,3846,4.5739584,9.685307,rejected,2,1,,3.0,2,2,1,4.0,10000.0,2.0,,,,,,,,4,4,2,1,6,2,,2024,2024,2,2,1104,300000.0,0,0,,2,2,2,,-7.0,4,100,0,0,60,1,2.0,1,1,2
1629445,3859,1.1599877,1.6717311,discouraged,2,2,6.0,,2,2,1,-9.0,-8.0,2.0,,,,,,,,3,3,2,2,45,2,,2021,2022,2,2,1040,12000000.0,0,0,,2,2,2,,3000000.0,3,100,0,0,93,2,3.0,2,1,1
1629446,3865,1.7296375,3.7008953,discouraged,2,2,4.0,,2,2,2,,,,,,,,,,,2,2,2,1,10,2,,2009,2009,2,2,1061,50000000.0,10,10,2024.0,2,2,1,200000.0,20000000.0,4,100,0,0,90,2,3.0,4,6,4
1629449,3913,3.2991145,5.109369,no_need,2,2,1.0,,1,2,2,,,,,,,,,,,2,2,2,1,20,2,,2014,2014,2,2,2512,18000000.0,0,0,,2,2,2,,12000000.0,3,100,0,0,100,2,3.0,-9,-9,7
1629450,3918,1.8918297,4.056594,no_need,2,2,1.0,,1,2,2,,,,,,,,,,,3,3,2,3,5,2,,2012,2012,2,2,4690,1000000.0,0,0,,1,1,2,,1000000.0,3,100,0,0,30,1,3.0,5,0,0
1629452,3969,5.415388,10.492743,no_need,2,2,1.0,,1,2,2,,,,,,,,,,,1,1,1,1,25,2,,2012,2012,2,2,4290,20000000.0,0,0,,1,2,2,,15000000.0,4,100,0,0,100,2,3.0,30,15,20
1629453,3990,7.494959,13.3507,discouraged,2,2,2.0,,1,2,2,,,,,,,,,,,2,2,2,1,5,2,,2013,2013,2,2,4663,2000000.0,0,0,,2,2,2,,1000000.0,3,100,0,0,100,1,3.0,2,3,5
1629454,3992,1.7296375,3.7008953,no_need,2,2,1.0,,1,2,2,,,,,,,,,,,2,2,2,1,5,2,,2008,2008,2,2,4630,10000000.0,0,0,,2,2,2,,8000000.0,3,100,0,0,100,2,3.0,3,2,1
1629455,3994,1.0163754,2.7457263,no_need,2,2,1.0,,1,2,2,,,,,,,,,,,1,1,1,3,10,2,,2024,2024,2,2,2023,2100000.0,0,0,,2,2,2,,-7.0,4,100,0,0,100,2,3.0,2,8,0
1629456,4002,3.2906432,6.8719873,no_need,2,2,1.0,,1,2,1,-9.0,-8.0,-9.0,,,,,,,,1,1,1,2,6,2,,2011,2011,2,2,5229,5000000.0,0,0,,2,2,2,,2000000.0,4,100,0,0,70,1,3.0,7,3,0
1629457,4004,6.067827,9.331877,approved_full,2,1,,1.0,1,2,1,4.0,250000000.0,1.0,2.0,2.0,2.0,1.0,2.0,-9.0,,3,1,1,1,20,2,,2022,2022,2,2,4210,416000000.0,0,0,,2,2,1,1800000.0,213000000.0,5,100,0,0,100,1,3.0,15,10,5
1629458,4010,1.0,1.5730151,discouraged,2,2,2.0,,2,2,2,,,,,,,,,,,2,2,2,2,12,1,100.0,2020,2020,1,2,1430,880000.0,0,0,,2,2,2,,640000.0,3,100,0,0,100,2,3.0,2,2,4
1629459,4012,1.546778,3.5301352,no_need,2,2,1.0,,1,2,2,,,,,,,,,,,4,3,2,2,25,2,,2018,2021,2,2,2821,18000000.0,0,0,,1,1,2,,13000000.0,4,100,0,0,70,2,3.0,1,1,6
1629460,4044,1.7296375,3.7008953,in_process,1,2,,-6.0,1,2,2,,,,,,,,,,,2,2,2,1,6,2,,2014,2014,2,2,4641,2500000.0,0,0,,2,2,2,,4200000.0,4,100,0,0,100,2,3.0,2,2,4
1629461,4045,6.067827,9.331877,discouraged,2,2,4.0,,2,2,1,4.0,700000.0,2.0,,,,,,,,3,3,2,1,12,2,,2010,2010,2,2,4210,5600000.0,0,0,,2,2,1,50000.0,4500000.0,4,100,0,0,60,1,3.0,2,1,2
1629462,4052,1.7817818,3.235125,outcome_unknown,1,2,,-9.0,1,1,2,3.0,10000000.0,1.0,1.0,2.0,2.0,1.0,2.0,24000000.0,-9.0,1,1,1,2,100,2,,2011,2011,2,1,1010,30000000.0,0,0,,1,2,1,700000.0,15000000.0,4,100,0,0,100,2,3.0,9,20,16
1629463,4106,4.5739584,9.685307,discouraged,2,2,2.0,,1,2,2,,,,,,,,,,,4,4,2,1,8,2,,2006,2014,2,2,7500,5500000.0,0,0,,2,2,1,1000000.0,4000000.0,3,100,0,0,100,2,3.0,4,2,2
1629464,4132,1.0,4.8455725,no_need,2,2,1.0,,1,2,2,,,,,,,,,,,4,1,1,1,400,2,,2007,2007,2,1,4100,300000000.0,0,0,,1,2,1,7000000.0,150000000.0,4,100,0,0,50,2,3.0,200,400,200
1629465,4138,1.0,4.8455725,no_need,2,2,1.0,,2,2,2,,,,,,,,,,,4,1,1,1,10,2,,2019,2019,2,2,4652,5000000.0,0,0,,2,2,1,75000.0,3500000.0,3,100,0,0,100,2,3.0,3,3,0
1629466,4144,3.2991145,5.109369,discouraged,2,2,2.0,,2,2,2,,,,,,,,,,,2,2,2,1,12,2,,2020,2020,2,2,1079,1800000.0,0,0,,2,2,2,,1200000.0,3,100,0,0,100,2,2.0,6,4,4
1629467,4147,6.067827,9.331877,discouraged,2,2,4.0,,2,2,2,,,,,,,,,,,3,3,2,1,66,2,,2010,2010,2,2,4390,13627000.0,0,0,,2,2,2,,3157000.0,3,100,0,0,60,1,3.0,4,9,0
1629468,4159,6.067827,9.331877,no_need,2,2,1.0,,2,2,2,,,,,,,,,,,3,3,2,1,34,2,,2022,2020,2,2,4100,42500000.0,0,0,,1,2,1,1000000.0,26800000.0,1,100,0,0,60,2,3.0,3,28,4
1629471,4198,4.5739584,9.685307,no_need,2,2,1.0,,1,2,2,,,,,,,,,,,4,4,2,1,17,1,100.0,2021,2023,1,2,1410,1200000.0,0,0,,1,1,1,38000.0,350000.0,3,100,0,0,80,1,3.0,4,2,2
1629473,4208,6.067827,9.331877,discouraged,2,2,6.0,,2,2,2,,,,,,,,,,,3,3,2,1,100,2,,2022,2022,2,2,4100,22500000.0,0,0,,2,2,2,,6000000.0,3,100,0,0,70,2,3.0,2,2,2
1629474,4217,2.3797135,4.008844,discouraged,2,2,3.0,,1,2,2,,,,,,,,,,,1,1,1,1,80,2,,2012,2012,2,2,1393,2100000.0,95,0,2013.0,2,2,2,,1800000.0,4,100,0,0,100,3,,5,3,0
1629475,4226,2.3797135,4.008844,discouraged,2,2,2.0,,1,2,2,,,,,,,,,,,1,1,1,1,30,1,100.0,2018,2018,1,2,1910,1000000.0,0,0,,2,2,1,500000.0,-7.0,3,100,0,0,100,1,3.0,7,10,9
1629476,4272,6.067827,9.331877,no_need,2,2,1.0,,2,2,2,,,,,,,,,,,3,3,2,1,8,2,,2019,2023,2,2,4630,20100000.0,0,0,,1,2,2,,13400000.0,1,100,0,0,70,2,3.0,2,5,0
1629477,4277,3.2991145,5.109369,approved_full,1,1,,1.0,2,1,1,3.0,-8.0,2.0,,,,,,,7.0,2,2,2,1,57,1,100.0,2013,2024,1,2,1393,4000000.0,0,0,,2,2,2,,3500000.0,3,100,0,0,70,1,3.0,5,0,0
1629478,4286,5.971265,14.54295,no_need,2,2,1.0,,1,2,2,,,,,,,,,,,4,4,2,1,7,2,,2018,2018,2,2,5229,5500000.0,0,0,,2,2,2,,10000000.0,4,0,0,0,100,1,3.0,3,4,0
1629479,4300,2.3797135,4.008844,no_need,2,2,1.0,,1,2,2,,,,,,,,,,,1,1,1,1,50,2,,2020,2019,2,1,2220,130000000.0,0,0,,2,2,1,300000.0,161000000.0,4,100,0,0,100,2,3.0,6,14,0
1629480,4308,2.3797135,4.008844,no_need,2,2,1.0,,1,2,2,,,,,,,,,,,1,1,1,1,20,2,,2018,2018,2,2,2220,17000000.0,0,0,,1,1,1,100000.0,14000000.0,4,100,0,0,100,2,3.0,16,0,0
1629481,4312,1.6899508,2.801251,no_need,2,2,1.0,,1,2,2,,,,,,,,,,,3,3,2,2,25,2,,2007,2007,2,2,4100,5000000.0,0,0,,2,2,2,,2000000.0,3,100,0,0,50,2,3.0,4,6,5
1629482,4321,1.7296375,3.7008953,no_need,2,2,1.0,,2,2,2,,,,,,,,,,,2,2,2,1,8,2,,2003,2003,2,2,4630,5600000.0,0,95,2003.0,2,2,2,,4000000.0,3,100,0,0,100,3,,2,2,1
1629483,4322,2.7693353,6.4454284,approved_full,1,1,,1.0,1,1,1,1.0,70000000.0,2.0,,,,,,,2.0,1,1,1,1,60,2,,2009,2009,2,2,4652,800000000.0,0,0,,1,1,2,,-7.0,4,100,0,0,100,2,3.0,10,10,40
1629484,4327,6.067827,9.331877,no_need,2,2,1.0,,2,2,2,,,,,,,,,,,3,3,2,1,5,2,,2022,2022,2,2,4690,448000.0,0,35,2022.0,1,1,2,,322000.0,3,100,0,0,70,2,3.0,2,3,0
1629485,4345,1.546778,3.5301352,discouraged,2,2,4.0,,2,2,2,,,,,,,,,,,4,4,2,2,55,2,,2024,2024,2,2,1393,6960000.0,0,0,,1,2,2,,-7.0,4,100,0,0,100,1,3.0,52,0,0
1629487,4353,4.5739584,9.685307,no_need,2,2,1.0,,1,2,2,,,,,,,,,,,4,1,1,1,6,1,50.0,2005,2021,2,2,1393,4000000.0,20,20,2024.0,2,2,2,,1600000.0,4,100,0,0,100,3,,15,5,4
1629488,4355,1.1599877,1.6717311,discouraged,2,2,6.0,,1,2,2,,,,,,,,,,,3,3,2,2,200,2,,2023,2023,2,2,2410,163200000.0,0,0,,1,2,1,2480000.0,204000000.0,1,100,0,0,80,2,3.0,8,22,20
1629489,4363,4.5739584,9.685307,no_need,2,2,1.0,,2,2,2,,,,,,,,,,,4,4,2,1,10,2,,2015,2015,2,2,1030,2500000.0,0,0,,2,2,2,,4000000.0,4,100,0,0,80,2,3.0,2,4,2
1629490,4370,1.1599877,1.6717311,no_need,2,2,1.0,,2,2,2,,,,,,,,,,,3,3,2,2,60,2,,2016,2016,2,2,1080,150000000.0,0,0,,2,2,2,,149000000.0,3,100,0,0,90,2,1.0,2,8,10
1629491,4374,1.1599877,1.6717311,no_need,2,2,1.0,,2,2,2,,,,,,,,,,,3,3,2,2,20,2,,2012,2012,2,2,1040,4100000.0,0,0,,2,1,2,,3000000.0,3,100,0,0,66,2,3.0,5,4,6
1629492,4377,2.3797135,4.008844,no_need,2,2,1.0,,2,2,2,,,,,,,,,,,1,3,2,1,30,2,,2015,2015,2,2,1104,31050000.0,0,0,,2,2,2,,18050000.0,1,100,0,0,60,2,3.0,4,22,2
1629493,4383,1.1599877,1.6717311,no_need,2,2,1.0,,2,2,2,,,,,,,,,,,3,3,2,2,20,2,,2012,2012,2,2,2023,30000000.0,0,0,,2,2,2,,29500000.0,3,100,0,0,100,2,1.0,4,5,5
1629494,4398,1.8918297,4.056594,discouraged,2,2,3.0,,1,2,2,,,,,,,,,,,3,3,2,3,60,2,,2001,2001,2,2,2420,4000000.0,0,80,2001.0,2,2,2,,4000000.0,4,100,0,0,90,3,,45,0,0
1629495,4408,1.1599877,1.6717311,no_need,2,2,1.0,,2,2,2,,,,,,,,,,,3,3,2,2,25,2,,2015,2015,2,2,2023,9000000.0,0,0,,2,2,2,,8000000.0,4,100,0,0,100,2,3.0,3,3,2
1629496,4411,6.067827,9.331877,no_need,2,2,1.0,,2,2,2,,,,,,,,,,,3,3,2,1,10,2,,2020,2020,2,2,6190,10050000.0,0,0,,1,1,1,1122000.0,7500000.0,4,50,0,0,66,2,3.0,8,5,2
1629497,4472,4.5739584,9.685307,discouraged,2,2,2.0,,2,2,2,,,,,,,,,,,4,4,2,1,16,1,100.0,2011,2011,1,2,1430,60000.0,0,0,,2,2,2,,130000.0,3,100,0,0,100,1,3.0,14,0,0
1629498,4474,2.7693353,6.4454284,discouraged,2,2,2.0,,1,2,2,,,,,,,,,,,1,1,1,1,36,2,,2013,2013,2,2,1391,350000.0,0,0,,1,1,2,,4000000.0,4,100,0,0,100,1,3.0,1,2,0
1629499,4490,2.3797135,4.008844,no_need,2,2,1.0,,1,2,2,,,,,,,,,,,1,1,1,1,35,1,80.0,2013,2013,1,2,1709,3500000.0,0,0,,2,2,2,,5000000.0,4,100,0,0,100,1,3.0,3,0,0
1629500,4492,2.3797135,4.008844,other_reason,2,2,7.0,,1,2,2,,,,,,,,,,,1,1,1,1,10,2,,2013,2013,2,2,4652,800000.0,0,0,,2,2,2,,500000.0,4,100,0,0,100,2,3.0,2,3,0
1629532,4559,5.415388,10.492743,discouraged,2,2,2.0,,1,2,2,,,,,,,,,,,1,1,1,1,5,1,100.0,2017,2017,1,2,1030,100000000.0,80,0,2017.0,2,2,2,,10000000.0,3,100,0,0,70,3,,40,10,0
1629533,4560,5.415388,10.492743,discouraged,2,2,2.0,,1,2,2,,,,,,,,,,,1,1,1,1,10,1,100.0,2021,2024,1,2,4630,4000000.0,0,0,,2,2,2,,2000000.0,3,100,0,0,90,1,3.0,13,2,0
1629534,4562,5.415388,10.492743,no_need,2,2,1.0,,2,2,2,,,,,,,,,,,1,1,1,1,9,1,100.0,2015,2022,1,2,1410,1500000.0,0,0,,2,2,2,,1200000.0,3,100,0,0,50,1,3.0,5,3,0
1629535,4563,5.415388,10.492743,discouraged,2,2,2.0,,1,2,2,,,,,,,,,,,1,1,1,1,14,1,100.0,2021,2021,1,2,5229,2800000.0,0,0,,2,2,2,,1500000.0,3,100,0,0,70,1,3.0,7,4,3
1629536,4567,5.415388,10.492743,in_process,1,2,,-6.0,2,2,2,,,,,,,,,,,1,1,1,1,52,1,100.0,2009,2009,1,2,1512,15320000.0,30,0,2017.0,2,2,2,,10000000.0,3,100,0,0,68,1,3.0,4,6,0
1629537,4569,3.2991145,5.109369,withdrawn,1,1,,4.0,1,2,2,,,,,,,,,,,2,2,2,1,6,1,100.0,2010,2024,1,2,1410,500000.0,10,0,2024.0,2,2,2,,400000.0,3,100,0,0,70,2,1.0,4,1,0
1629538,4571,7.494959,13.3507,withdrawn,1,1,,4.0,1,2,2,,,,,,,,,,,2,2,2,1,20,1,100.0,2015,2022,1,2,1410,400000.0,0,0,,2,2,2,,500000.0,3,100,0,0,70,1,1.0,5,0,0
1629539,4572,7.494959,13.3507,discouraged,2,2,2.0,,1,2,2,,,,,,,,,,,2,2,2,1,6,1,100.0,2023,2023,1,2,1030,280000.0,0,0,,2,2,2,,-7.0,3,100,0,0,100,2,3.0,4,1,1
1629540,4573,7.494959,13.3507,in_process,1,1,,-6.0,1,2,2,,,,,,,,,,,2,2,2,1,30,1,100.0,2022,2023,1,2,1410,800000.0,0,0,,2,2,2,,300000.0,3,100,0,0,50,2,3.0,4,2,0
1629541,4574,7.494959,13.3507,no_need,2,2,1.0,,1,2,2,,,,,,,,,,,2,2,2,1,6,1,100.0,2021,2021,1,2,1410,500000.0,0,0,,1,2,2,,300000.0,3,100,0,0,100,2,3.0,6,0,0
1629542,4577,7.494959,13.3507,discouraged,2,2,5.0,,1,2,2,,,,,,,,,,,2,2,2,1,14,1,100.0,2002,2024,1,2,1410,1500000.0,0,0,,2,2,2,,1250000.0,3,100,0,0,100,2,2.0,6,0,0
1629543,4578,4.5739584,9.685307,other_reason,2,2,7.0,,1,2,2,,,,,,,,,,,4,3,2,1,12,1,100.0,2016,2019,1,2,1030,950000.0,0,0,,1,1,1,8000.0,250000.0,3,100,0,0,65,1,3.0,2,3,3
1629544,4579,4.5739584,9.685307,discouraged,2,2,2.0,,2,2,2,,,,,,,,,,,4,4,2,1,6,1,100.0,2024,2024,1,2,2023,580000.0,0,0,,2,1,1,8000.0,-7.0,3,100,0,0,95,1,3.0,1,4,1
1629545,4580,6.067827,9.331877,discouraged,2,2,3.0,,2,2,2,,,,,,,,,,,3,3,2,1,30,1,100.0,2018,2018,1,2,1410,17280000.0,30,0,2018.0,1,2,1,70000.0,5040000.0,3,100,0,0,60,2,3.0,4,6,7
1629546,4581,4.5739584,9.685307,no_need,2,2,1.0,,2,2,2,,,,,,,,,,,4,4,2,1,15,1,100.0,2004,2015,1,2,1410,1000000.0,20,20,2020.0,1,2,2,,800000.0,4,100,0,0,100,1,3.0,13,1,0
1629547,4583,6.067827,9.331877,no_need,2,2,1.0,,1,2,2,,,,,,,,,,,3,3,2,1,40,1,100.0,2019,2019,1,2,1410,15500000.0,0,0,,2,2,2,,15000000.0,3,100,0,0,80,2,1.0,3,30,7
1629548,4584,4.5739584,9.685307,other_reason,2,2,7.0,,2,2,2,,,,,,,,,,,4,3,2,1,8,1,100.0,2010,2012,1,2,1410,980000.0,0,0,,1,1,1,5000.0,500000.0,3,100,0,0,90,2,3.0,6,0,4
1629549,4585,7.494959,13.3507,no_need,2,2,1.0,,2,2,2,,,,,,,,,,,2,2,2,1,11,1,100.0,2022,2025,1,2,1079,1000000.0,0,0,,1,2,2,,500000.0,3,100,0,0,100,1,3.0,11,0,0
1629550,4588,4.5739584,9.685307,no_need,2,2,1.0,,1,2,2,,,,,,,,,,,4,4,2,1,11,1,100.0,2023,2023,1,2,1430,860000.0,0,0,,1,1,2,,350000.0,3,100,0,0,100,2,3.0,11,0,0
1629551,4594,5.415388,10.492743,in_process,1,2,,-6.0,2,2,2,,,,,,,,,,,1,1,1,1,16,1,100.0,2024,2024,1,2,5610,1800000.0,0,0,,2,2,2,,-7.0,3,100,0,0,70,1,3.0,8,17,0
1629552,4599,5.415388,10.492743,rejected,1,2,,3.0,2,2,2,,,,,,,,,,30.0,1,1,1,1,5,1,100.0,2021,2021,1,2,1030,7000000.0,0,0,,2,2,2,,600000.0,3,100,0,0,80,1,3.0,5,2,0
1629553,4601,5.415388,10.492743,no_need,2,2,1.0,,2,2,2,,,,,,,,,,,1,1,1,1,7,1,100.0,2020,2020,1,2,1410,800000.0,0,0,,2,2,2,,350000.0,3,100,0,0,100,1,3.0,2,2,0
1629554,4602,5.415388,10.492743,outcome_unknown,1,2,,-9.0,1,1,2,3.0,400000.0,1.0,2.0,2.0,2.0,1.0,2.0,7000000.0,-9.0,1,1,1,1,15,1,100.0,2019,2019,1,2,1410,170000.0,25,0,2020.0,2,2,2,,300000.0,3,100,0,0,100,1,2.0,4,5,2
1629555,4604,5.415388,10.492743,no_need,2,2,1.0,,1,2,2,,,,,,,,,,,1,1,1,1,33,1,100.0,2015,2020,1,2,1410,2400000.0,0,0,,2,2,2,,1000000.0,3,100,0,0,80,1,3.0,9,0,0
1629556,4605,3.2991145,5.109369,rejected,1,2,,3.0,1,1,2,1.0,500000.0,1.0,1.0,2.0,2.0,2.0,2.0,2000000.0,8.0,2,2,2,1,180,1,70.0,2018,2018,1,1,1393,3000000.0,20,20,2022.0,2,2,2,,2500000.0,4,100,0,0,100,2,3.0,3,-9,-9
1629557,4608,5.415388,10.492743,discouraged,2,2,2.0,,1,2,2,,,,,,,,,,,1,1,1,1,10,1,100.0,2019,2024,1,2,1410,800000.0,0,0,,2,2,2,,450000.0,3,100,0,0,100,1,3.0,3,1,1
1629558,4611,5.415388,10.492743,discouraged,2,2,2.0,,2,2,2,,,,,,,,,,,1,1,1,1,20,1,50.0,2021,2021,2,2,1030,2000000.0,0,0,,1,1,2,,1300000.0,4,100,0,0,100,1,3.0,10,4,3
1629559,4615,5.415388,10.492743,in_process,1,2,,-6.0,2,2,2,,,,,,,,,,,1,1,1,1,6,1,100.0,2019,2021,1,2,3211,2500000.0,0,0,,2,2,2,,1100000.0,4,100,0,0,65,1,3.0,3,3,0
1629560,4616,6.067827,9.331877,in_process,1,2,,-6.0,1,2,2,,,,,,,,,,,3,3,2,1,7,1,100.0,2023,2024,1,2,1410,800000.0,0,0,,1,2,1,-9.0,570000.0,3,100,0,0,50,2,3.0,3,2,0
